player_id,player_name,position,team_name,minutes,goals_per90,assists_per90,shots_total_per90,shots_on_per90,passes_total_per90,passes_key_per90,tackles_total_per90,tackles_blocks_per90,tackles_interceptions_per90,duels_total_per90,duels_won_per90,dribbles_attempts_per90,dribbles_success_per90,dribbles_past_per90,fouls_drawn_per90,fouls_committed_per90,yellow_cards_per90,red_cards_per90,passes_accuracy,duels_won_pct,dribbles_success_pct,cluster,embedding_x,embedding_y
5,M. Akanji,Defender,Manchester City,2020,0.0,0.0,0.446,0.089,76.678,0.401,0.847,0.356,0.401,5.391,2.673,0.089,0.089,0.0,0.401,0.757,0.134,0.0,64.0,49.587,100.0,0,-3.233,0.2978
18,J. Sancho,Attacker,Chelsea,1764,0.153,0.204,0.612,0.408,39.184,1.939,0.663,0.0,0.102,8.163,3.827,4.388,2.296,0.0,0.561,0.306,0.102,0.0,0.0,46.875,52.326,3,1.5567,-2.2434
49,T. Partey,Midfielder,Arsenal,2798,0.129,0.064,0.675,0.289,59.185,0.611,2.863,0.289,1.126,9.65,5.533,1.061,0.772,0.0,0.997,1.447,0.129,0.0,46.0,57.333,72.727,0,-0.573,1.9338
95,B. Badiashile,Defender,Chelsea,333,0.0,0.0,0.0,0.0,81.892,0.0,2.432,0.541,1.622,7.838,5.135,0.27,0.0,0.0,0.541,1.622,0.0,0.0,54.0,65.517,0.0,0,-3.057,2.5078
130,Nélson Semedo,Defender,Wolves,2891,0.0,0.125,0.374,0.218,33.964,0.778,1.93,0.311,0.716,9.869,4.732,1.961,0.996,0.0,0.934,1.494,0.249,0.0,0.0,47.95,50.794,4,0.2291,0.6332
131,Jorge Cuenca,Defender,Fulham,358,0.0,0.0,0.251,0.0,42.737,0.0,1.508,1.006,0.503,6.536,4.022,0.503,0.503,0.0,0.503,0.503,0.0,0.0,0.0,61.538,100.0,1,-2.7208,0.1292
138,J. Todibo,Defender,West Ham,1855,0.0,0.0,0.243,0.0,51.962,0.097,2.28,0.631,1.261,7.763,4.367,0.776,0.437,0.0,0.291,0.776,0.146,0.0,0.0,56.25,56.25,1,-2.2406,1.2311
164,B. Davies,Defender,Tottenham,1330,0.0,0.0,0.271,0.068,68.278,0.135,1.218,1.286,0.812,9.88,5.278,0.068,0.068,0.0,0.474,1.15,0.338,0.0,52.0,53.425,100.0,0,-2.7906,2.714
169,K. Trippier,Defender,Newcastle,1310,0.0,0.206,0.137,0.0,71.244,1.511,2.611,0.206,0.824,9.069,5.153,0.55,0.275,0.0,0.756,1.099,0.069,0.0,0.0,56.818,50.0,1,-0.8658,1.1609
171,K. Walker-Peters,Defender,Southampton,2922,0.0,0.062,0.37,0.185,46.078,0.77,1.355,0.462,0.554,8.963,4.466,2.372,1.17,0.0,1.602,0.862,0.154,0.0,41.0,49.828,49.351,0,-0.4337,0.3997
174,C. Eriksen,Midfielder,Manchester United,1092,0.082,0.165,0.659,0.165,54.148,2.555,1.566,0.412,0.577,5.192,1.978,0.33,0.0,0.0,0.247,0.659,0.33,0.0,0.0,38.095,0.0,1,-0.8739,-0.6761
180,O. Skipp,Midfielder,Leicester,1121,0.0,0.0,0.241,0.08,39.741,0.723,1.686,0.562,0.883,7.868,4.255,0.963,0.562,0.0,1.044,1.686,0.642,0.0,0.0,54.082,58.333,4,-0.8536,1.9365
182,H. Winks,Midfielder,Leicester,1539,0.0,0.117,0.526,0.234,58.655,0.994,1.404,0.409,0.526,5.614,2.807,0.643,0.175,0.0,0.76,0.526,0.234,0.0,40.0,50.0,27.273,0,-1.9113,-0.1473
186,Son Heung-Min,Attacker,Tottenham,2116,0.298,0.383,1.659,1.106,35.43,2.127,0.723,0.0,0.213,8.209,3.403,2.977,1.233,0.0,1.191,0.255,0.043,0.0,0.0,41.451,41.429,3,2.6407,-2.9842
247,C. Gakpo,Attacker,Liverpool,1945,0.463,0.185,2.175,1.064,25.311,1.758,1.296,0.139,0.555,9.671,4.905,2.36,1.388,0.0,1.434,0.925,0.231,0.0,0.0,50.718,58.824,3,3.0393,-1.4908
249,D. Malen,Attacker,Aston Villa,332,0.813,0.0,3.524,2.44,18.163,0.813,1.898,0.0,0.0,10.843,5.422,2.44,1.084,0.0,1.355,0.271,0.0,0.0,0.0,50.0,44.444,2,4.2381,-3.7318
253,A. Areola,Goalkeeper,West Ham,2260,0.0,0.0,0.0,0.0,34.447,0.0,0.08,0.0,0.0,0.199,0.159,0.0,0.0,0.0,0.0,0.0,0.0,0.0,0.0,80.0,0.0,5,-4.3704,-3.6722
269,C. Nkunku,Attacker,Chelsea,912,0.296,0.197,1.974,1.184,32.566,1.382,1.184,0.197,0.691,11.743,4.836,2.368,0.987,0.0,1.086,1.579,0.197,0.0,0.0,41.176,41.667,2,2.7883,-0.8398
280,Alisson Becker,Goalkeeper,Liverpool,2509,0.0,0.0,0.0,0.0,29.701,0.036,0.036,0.0,0.0,0.43,0.395,0.036,0.036,0.0,0.072,0.0,0.0,0.0,0.0,91.667,100.0,5,-4.4741,-3.1969
281,C. Kelleher,Goalkeeper,Liverpool,900,0.0,0.0,0.0,0.0,33.2,0.0,0.0,0.0,0.0,0.5,0.5,0.1,0.1,0.0,0.3,0.0,0.0,0.0,0.0,100.0,100.0,5,-4.5193,-3.0822
283,T. Alexander-Arnold,Defender,Liverpool,2377,0.114,0.227,1.022,0.303,61.186,2.12,2.726,0.341,1.174,8.027,3.786,1.249,0.606,0.0,0.341,0.416,0.189,0.0,0.0,47.17,48.485,1,0.0092,0.505
284,J. Gomez,Defender,Liverpool,518,0.0,0.0,0.521,0.347,72.278,0.347,2.259,1.042,1.216,6.602,4.344,0.0,0.0,0.0,0.521,0.347,0.174,0.0,41.0,65.789,0.0,0,-3.1185,1.557
289,A. Robertson,Defender,Liverpool,2492,0.0,0.036,0.47,0.108,55.654,1.445,1.409,0.144,0.722,4.623,2.203,0.614,0.253,0.0,0.289,0.397,0.108,0.036,41.0,47.656,41.176,0,-2.2764,-0.6821
290,V. van Dijk,Defender,Liverpool,3330,0.081,0.027,0.649,0.216,78.919,0.324,1.027,0.432,1.514,6.811,4.676,0.135,0.081,0.0,0.351,0.459,0.135,0.0,72.0,68.651,60.0,0,-3.1847,1.3323
293,C. Jones,Midfielder,Liverpool,1735,0.156,0.156,0.986,0.674,54.934,1.141,2.023,0.467,0.363,9.026,4.669,1.037,0.622,0.0,1.297,0.934,0.156,0.052,0.0,51.724,60.0,1,0.4109,0.0451
295,A. Lallana,Midfielder,Southampton,357,0.0,0.504,0.504,0.0,64.286,1.008,2.017,0.252,1.261,13.109,5.798,2.521,1.261,0.0,2.017,2.017,1.008,0.0,0.0,44.231,50.0,4,2.3478,3.9171
306,Mohamed Salah,Attacker,Liverpool,3377,0.773,0.48,2.772,1.626,30.728,2.425,0.586,0.0,0.24,8.342,3.385,3.465,1.519,0.0,1.039,0.666,0.027,0.0,0.0,40.575,43.846,3,4.8135,-3.9525
526,A. Onana,Goalkeeper,Manchester United,3060,0.0,0.0,0.0,0.0,34.265,0.029,0.059,0.0,0.0,0.382,0.324,0.029,0.029,0.0,0.059,0.0,0.0,0.0,0.0,84.615,100.0,5,-4.4152,-3.1219
532,M. de Ligt,Defender,Manchester United,2128,0.085,0.0,0.592,0.381,57.942,0.254,1.269,0.888,1.396,6.767,4.314,0.169,0.085,0.0,0.508,0.677,0.127,0.0,42.0,63.75,50.0,0,-2.7189,1.0894
537,J. Veltman,Defender,Brighton,1699,0.0,0.0,0.212,0.053,41.001,0.318,2.278,0.371,1.006,9.8,5.933,0.477,0.212,0.0,2.331,1.43,0.265,0.0,0.0,60.541,44.444,4,-0.6437,1.8347
542,R. Gravenberch,Midfielder,Liverpool,3168,0.0,0.114,0.369,0.142,54.091,0.739,1.96,0.284,1.676,9.205,5.227,1.903,1.051,0.0,1.477,1.335,0.17,0.028,46.0,56.79,55.224,0,-0.5014,2.057
545,N. Mazraoui,Defender,Manchester United,2848,0.0,0.032,0.221,0.095,50.214,0.632,3.634,0.284,1.074,11.06,6.826,1.39,0.822,0.0,0.79,1.201,0.095,0.0,0.0,61.714,59.091,4,-0.4771,2.0442
567,Rúben Dias,Defender,Manchester City,2273,0.0,0.0,0.634,0.277,90.832,0.198,0.673,0.792,0.792,4.672,2.534,0.119,0.079,0.0,0.317,0.475,0.158,0.0,79.0,54.237,66.667,0,-3.867,0.8452
583,João Félix,Forward,Chelsea,382,0.236,0.236,3.77,1.414,45.942,1.414,1.885,0.0,0.707,16.728,9.188,5.654,2.356,0.0,4.005,1.414,0.471,0.0,0.0,54.93,41.667,3,6.9762,1.1205
616,A. Murić,Goalkeeper,Ipswich,1620,0.0,0.0,0.0,0.0,29.722,0.0,0.0,0.0,0.0,1.056,0.833,0.0,0.0,0.0,0.222,0.0,0.056,0.0,0.0,78.947,0.0,5,-4.0438,-3.4783
617,Ederson,Goalkeeper,Manchester City,2321,0.0,0.155,0.0,0.0,31.409,0.155,0.0,0.0,0.039,0.349,0.194,0.0,0.0,0.0,0.0,0.039,0.155,0.0,0.0,55.556,0.0,5,-3.4449,-3.4492
626,J. Stones,Defender,Manchester City,545,0.33,0.0,0.33,0.33,66.385,0.33,0.991,0.495,0.661,4.294,2.972,0.33,0.33,0.0,0.33,0.33,0.165,0.0,0.0,69.231,100.0,1,-2.5199,-0.5447
627,K. Walker,Defender,Manchester City,973,0.0,0.0,0.277,0.185,67.616,0.647,1.572,0.37,0.277,5.92,3.237,0.462,0.277,0.0,0.462,0.555,0.277,0.0,43.0,54.688,60.0,0,-2.5814,0.3077
629,K. De Bruyne,Midfielder,Manchester City,1715,0.21,0.367,2.099,0.945,53.423,3.044,0.84,0.0,0.367,7.662,2.676,1.469,0.63,0.0,0.945,0.892,0.105,0.0,0.0,34.932,42.857,3,2.2664,-2.1028
631,P. Foden,Midfielder,Manchester City,1786,0.353,0.101,1.814,0.806,42.934,2.167,0.655,0.05,0.454,7.206,3.225,1.865,0.705,0.0,1.713,0.252,0.101,0.0,0.0,44.755,37.838,3,1.5065,-2.3567
633,İ. Gündoğan,Midfielder,Manchester City,2242,0.04,0.241,0.763,0.281,65.192,1.726,1.004,0.0,0.562,6.583,3.332,1.325,0.682,0.0,1.084,0.602,0.04,0.0,46.0,50.61,51.515,0,-0.5951,-0.7245
636,Bernardo Silva,Midfielder,Manchester City,2671,0.135,0.135,0.708,0.404,56.237,1.786,1.853,0.236,0.775,8.255,4.01,1.786,0.91,0.0,1.078,0.91,0.236,0.0,44.0,48.571,50.943,0,0.117,0.4651
641,O. Zinchenko,Defender,Arsenal,542,0.0,0.166,0.332,0.0,66.753,0.498,0.83,0.166,0.83,8.635,3.819,0.664,0.498,0.0,0.498,1.328,0.166,0.0,0.0,44.231,75.0,1,-1.2571,0.451
643,Gabriel Jesus,Attacker,Arsenal,603,0.448,0.0,2.388,1.194,28.358,1.194,1.493,0.149,0.597,14.478,5.672,2.836,1.343,0.0,1.493,2.09,0.597,0.0,0.0,39.175,47.368,2,3.9344,0.3852
645,R. Sterling,Attacker,Arsenal,496,0.0,0.363,0.726,0.0,33.024,1.452,1.633,0.0,0.181,12.883,5.081,3.629,1.815,0.0,1.452,2.177,0.181,0.0,0.0,39.437,50.0,3,2.7097,0.1321
657,K. Tete,Defender,Fulham,1779,0.0,0.101,0.607,0.101,38.803,0.455,2.833,0.607,1.619,9.663,5.312,0.759,0.455,0.0,0.809,1.771,0.253,0.0,0.0,54.974,60.0,4,-0.6305,2.4378
723,Joelinton,Midfielder,Newcastle,2404,0.15,0.112,1.198,0.524,37.737,0.899,2.134,0.262,0.824,13.814,6.177,1.61,0.562,0.0,1.31,2.171,0.374,0.0,0.0,44.715,34.884,4,1.7574,1.4669
727,R. Nelson,Attacker,Arsenal / Fulham,488,0.184,0.0,0.0,0.0,0.0,0.0,0.369,0.0,0.0,1.475,0.738,0.0,0.0,0.0,0.369,0.369,0.184,0.0,0.0,50.0,0.0,5,-2.6826,-3.6244
746,Marco Asensio,Forward,Aston Villa,745,0.362,0.121,2.295,1.329,32.859,1.933,0.846,0.121,0.242,7.007,3.262,2.054,1.45,0.0,0.966,1.329,0.242,0.0,0.0,46.552,70.588,3,2.5281,-2.0127
747,Casemiro,Midfielder,Manchester United,1513,0.059,0.0,1.487,0.595,57.105,1.309,4.937,0.595,0.833,13.206,8.387,0.357,0.178,0.0,1.13,1.19,0.297,0.0,0.0,63.514,50.0,4,0.6821,3.1601
792,J. Kluivert,Attacker,Bournemouth,2356,0.458,0.229,1.986,1.108,25.938,1.719,0.879,0.0,0.535,9.856,3.82,2.903,1.375,0.0,1.261,1.795,0.306,0.0,0.0,38.76,47.368,3,3.5467,-1.4797
863,R. Bentancur,Midfielder,Tottenham,1654,0.109,0.0,0.707,0.326,58.059,0.544,2.177,0.435,2.177,11.264,5.115,0.871,0.49,0.0,0.544,1.85,0.49,0.0,0.0,45.411,56.25,4,-0.3348,3.1514
879,S. Mavididi,Attacker,Leicester,1615,0.223,0.056,0.892,0.39,29.424,1.337,1.895,0.111,0.613,13.263,5.35,4.57,1.95,0.0,1.003,1.003,0.111,0.0,0.0,40.336,42.683,3,2.3761,-0.5059
886,Diogo Dalot,Defender,Manchester United,2813,0.0,0.096,0.544,0.16,43.928,0.864,2.176,0.288,1.184,8.446,4.543,1.568,0.864,0.0,0.288,1.28,0.16,0.0,0.0,53.788,55.102,1,-0.6337,0.8157
889,V. Lindelöf,Defender,Aston Villa / Manchester United,1450,0.0,0.0,0.0,0.0,47.172,0.372,0.869,0.497,0.993,6.207,3.103,0.0,0.0,0.0,0.124,0.993,0.124,0.0,0.0,50.0,0.0,1,-2.7418,-0.2922
891,L. Shaw,Defender,Manchester United,348,0.0,0.0,0.259,0.0,71.638,1.552,1.034,0.259,0.517,3.621,2.069,0.259,0.0,0.0,0.259,0.776,0.259,0.0,0.0,57.143,0.0,1,-2.5949,-0.5714
894,A. Young,Defender,Everton,1868,0.048,0.145,0.145,0.145,35.509,1.253,2.794,0.193,1.204,8.142,4.673,0.771,0.337,0.0,1.06,1.445,0.337,0.048,0.0,57.396,43.75,4,-0.309,1.4145
895,J. Garner,Midfielder,Everton,1595,0.0,0.056,0.564,0.226,39.329,0.734,2.652,0.226,1.298,8.52,4.514,1.129,0.395,0.0,0.846,1.129,0.282,0.0,0.0,52.98,35.0,1,-0.6454,1.1595
899,Andreas Pereira,Midfielder,Fulham,2024,0.089,0.178,1.156,0.4,34.862,2.535,1.067,0.089,0.356,8.36,3.335,0.978,0.623,0.0,1.067,1.245,0.356,0.0,0.0,39.894,63.636,3,1.1163,-0.6958
909,M. Rashford,Attacker,Aston Villa / Manchester United,1424,0.379,0.253,1.77,0.885,16.938,1.643,1.264,0.0,0.126,6.067,2.907,2.781,1.138,0.0,0.379,0.126,0.126,0.0,0.0,47.917,40.909,3,1.6612,-3.3584
925,Gonçalo Guedes,Forward,Wolves,1011,0.178,0.356,1.691,0.712,27.596,1.246,1.424,0.0,0.445,10.593,4.184,2.136,0.801,0.0,1.513,1.335,0.089,0.0,0.0,39.496,37.5,3,2.3988,-1.3473
930,Carlos Soler,Midfielder,West Ham,1403,0.064,0.064,1.091,0.577,40.349,1.091,0.962,0.385,0.513,8.275,3.336,1.091,0.513,0.0,1.219,1.668,0.385,0.0,0.0,40.31,47.059,1,0.3545,0.0237
978,K. Havertz,Attacker,Arsenal,1875,0.432,0.144,2.112,1.008,24.096,0.816,0.768,0.192,0.288,13.536,5.328,1.584,0.432,0.0,1.104,1.824,0.24,0.0,0.0,39.362,27.273,2,2.626,-1.2323
983,L. Bailey,Attacker,Aston Villa,1151,0.078,0.156,1.017,0.469,27.524,1.251,0.547,0.0,0.235,10.243,4.144,3.597,1.72,0.0,1.407,0.938,0.235,0.0,0.0,40.458,47.826,3,1.8835,-1.4435
1096,D. Szoboszlai,Midfielder,Liverpool,2495,0.216,0.216,1.515,0.83,44.802,2.02,1.443,0.18,0.325,8.585,3.752,1.407,0.758,0.0,0.866,1.587,0.216,0.0,0.0,43.697,53.846,3,1.6595,-0.7991
1098,P. Daka,Attacker,Leicester,721,0.125,0.0,1.248,0.499,17.101,0.125,2.497,0.125,0.125,15.978,6.366,1.623,0.25,0.0,2.372,1.872,0.0,0.0,0.0,39.844,15.385,2,1.8746,-0.049
1100,E. Haaland,Attacker,Manchester City,2741,0.722,0.099,3.021,1.97,12.215,0.952,0.394,0.033,0.164,7.158,3.086,1.084,0.427,0.0,0.427,0.788,0.066,0.0,0.0,43.119,39.394,2,2.4965,-4.3358
1119,K. Ajer,Defender,Brentford,1460,0.0,0.0,0.308,0.185,34.336,0.493,1.664,0.247,0.678,8.384,4.13,0.986,0.432,0.0,0.37,0.801,0.308,0.0,0.0,49.265,43.75,1,-1.2949,0.0225
1125,R. Christie,Midfielder,Bournemouth,2131,0.084,0.127,0.845,0.507,42.191,1.732,2.281,0.465,1.267,11.868,5.364,1.901,0.971,0.0,1.309,1.816,0.38,0.0,0.0,45.196,51.111,4,1.5426,1.912
1145,I. Konaté,Defender,Liverpool,2565,0.035,0.07,0.526,0.14,66.491,0.351,1.439,0.526,0.596,7.298,4.842,0.175,0.105,0.0,0.702,0.947,0.175,0.0,55.0,66.346,60.0,0,-2.4662,1.0129
1150,T. Adams,Midfielder,Bournemouth,1965,0.0,0.137,0.092,0.092,48.366,0.824,3.802,0.458,1.466,11.634,6.366,0.641,0.183,0.0,0.962,2.061,0.321,0.0,0.0,54.724,28.571,4,-0.1643,3.2838
1161,E. Smith Rowe,Midfielder,Fulham,2061,0.262,0.131,1.048,0.48,43.624,1.048,1.354,0.087,0.48,6.812,2.926,1.397,0.699,0.0,0.611,0.83,0.131,0.0,0.0,42.949,50.0,1,0.1111,-1.4378
1165,Matheus Cunha,Attacker,Manchester United / Wolves,5203,0.519,0.208,2.768,1.522,32.831,2.007,1.315,0.035,0.588,13.631,6.331,4.221,2.11,0.0,2.456,1.453,0.138,0.0,0.0,46.447,50.0,3,5.6463,-1.1707
1166,T. Werner,Attacker,Tottenham,508,0.0,0.531,1.417,0.531,35.079,1.772,1.063,0.177,0.177,8.681,3.72,3.189,1.772,0.0,0.886,0.531,0.0,0.0,0.0,42.857,55.556,3,2.0968,-2.0276
1231,V. Coufal,Defender,West Ham,1062,0.0,0.0,0.424,0.169,40.085,0.678,1.864,0.932,0.678,11.017,5.593,1.017,0.424,0.0,1.356,1.864,0.424,0.0,0.0,50.769,41.667,4,-0.3248,2.096
1243,T. Souček,Midfielder,West Ham,2572,0.315,0.035,1.575,0.63,33.173,0.525,1.61,0.735,0.7,11.687,6.159,0.42,0.21,0.0,0.875,1.645,0.28,0.0,0.0,52.695,50.0,4,0.5833,0.6732
1361,F. Kadıoğlu,Defender,Brighton,388,0.232,0.0,0.464,0.232,34.794,1.16,2.32,0.464,1.856,9.046,4.407,1.392,0.696,0.0,0.696,1.16,0.232,0.0,0.0,48.718,50.0,1,-0.2255,1.2953
1422,J. Doku,Attacker,Manchester City,1532,0.176,0.352,0.94,0.529,41.064,1.88,1.821,0.059,0.176,18.388,9.928,9.752,6.168,0.0,1.939,0.587,0.059,0.0,0.0,53.994,63.253,3,7.0608,-0.0663
1438,B. Leno,Goalkeeper,Fulham,3420,0.0,0.026,0.0,0.0,32.553,0.053,0.053,0.0,0.0,0.421,0.395,0.0,0.0,0.0,0.105,0.0,0.132,0.0,0.0,93.75,0.0,5,-4.375,-3.3765
1445,K. Mavropanos,Defender,West Ham,2038,0.0,0.0,0.662,0.221,54.804,0.221,1.546,0.795,1.766,7.684,5.167,0.618,0.397,0.0,0.707,0.751,0.221,0.0,0.0,67.241,64.286,1,-2.0518,1.7698
1455,A. Iwobi,Attacker,Fulham,2994,0.271,0.18,1.443,0.872,41.363,1.804,1.323,0.03,0.421,7.846,3.517,2.705,1.443,0.0,0.541,0.571,0.03,0.0,0.0,44.828,53.333,3,1.5625,-2.093
1460,B. Saka,Attacker,Arsenal,1735,0.311,0.519,2.127,1.193,31.02,3.164,1.556,0.0,0.156,12.605,6.225,4.046,2.127,0.0,2.023,0.778,0.156,0.0,0.0,49.383,52.564,3,5.4717,-1.6029
1463,J. Willock,Midfielder,Newcastle,1075,0.0,0.167,1.005,0.251,28.298,1.842,2.512,0.502,0.502,12.307,5.023,2.428,1.005,0.0,1.088,1.926,0.335,0.0,0.0,40.816,41.379,4,1.7794,1.1178
1469,D. Welbeck,Attacker,Brighton,2122,0.424,0.17,1.781,1.018,20.57,0.975,1.103,0.17,0.212,7.677,3.351,1.442,0.551,0.0,0.975,0.467,0.212,0.0,0.0,43.646,38.235,2,1.3682,-2.5404
1485,Bruno Fernandes,Midfielder,Manchester United,3024,0.238,0.298,1.935,0.863,60.119,2.708,2.5,0.179,0.774,10.685,5.179,1.815,0.833,0.0,1.19,0.952,0.149,0.06,45.0,48.468,45.902,3,2.1653,0.3436
1590,José Sá,Goalkeeper,Wolves,2609,0.0,0.0,0.0,0.0,27.597,0.103,0.069,0.0,0.0,1.207,1.035,0.276,0.276,0.0,0.31,0.138,0.069,0.0,0.0,85.714,100.0,5,-3.8468,-2.8335
1600,K. Tsimikas,Defender,Liverpool,834,0.0,0.108,0.324,0.216,56.655,1.835,3.345,0.216,1.187,8.849,5.072,1.079,0.54,0.0,0.647,0.971,0.216,0.0,0.0,57.317,50.0,4,-0.3826,1.5974
1646,Lucas Paquetá,Midfielder,West Ham,2384,0.151,0.0,1.019,0.227,53.154,1.359,2.492,0.151,0.68,15.365,7.437,1.586,0.793,0.0,2.341,2.001,0.378,0.0,0.0,48.403,50.0,4,2.0608,2.336
1864,Pedro Neto,Forward,Chelsea,2281,0.158,0.237,1.302,0.671,28.843,1.854,0.868,0.079,0.355,9.391,3.906,3.117,1.302,0.0,1.302,0.829,0.316,0.0,0.0,41.597,41.772,3,2.1924,-1.3877
1904,B. Kamara,Midfielder,Aston Villa,1735,0.052,0.0,0.363,0.156,48.242,0.571,2.594,0.363,0.934,11.568,5.965,0.934,0.467,0.0,1.816,1.556,0.104,0.0,0.0,51.57,50.0,4,-0.0911,1.6452
1934,S. Berge,Midfielder,Fulham,2232,0.0,0.0,0.081,0.04,47.984,0.726,2.016,0.323,0.847,7.46,3.992,0.685,0.444,0.0,0.403,1.25,0.242,0.0,0.0,53.514,64.706,1,-1.6368,0.8511
1946,L. Trossard,Attacker,Arsenal,2551,0.282,0.247,1.552,0.776,30.094,1.482,1.094,0.0,0.318,9.878,4.269,2.646,1.341,0.0,1.623,0.953,0.106,0.0,0.0,43.214,50.667,3,2.51,-1.7525
2032,J. Strand Larsen,Attacker,Wolves,2601,0.484,0.138,1.696,1.176,15.606,0.727,0.346,0.138,0.208,10.9,3.599,0.657,0.277,0.0,0.657,1.592,0.138,0.0,0.0,33.016,42.105,2,1.759,-2.4701
2056,Pablo Sarabia,Forward,Wolves,819,0.33,0.22,1.648,0.879,41.648,1.648,1.758,0.0,0.44,10.879,4.615,1.429,0.659,0.0,1.648,1.758,0.22,0.0,0.0,42.424,46.154,3,2.5675,-0.4795
2165,V. Mykolenko,Defender,Everton,3084,0.029,0.058,0.233,0.029,28.366,0.73,1.839,0.292,1.284,7.529,4.436,0.496,0.233,0.0,0.992,0.642,0.117,0.0,0.0,58.915,47.059,1,-1.4604,0.2047
2218,I. Sarr,Attacker,Crystal Palace,2719,0.265,0.199,1.622,0.96,22.442,1.523,0.728,0.265,0.232,9.566,4.27,1.721,0.563,0.0,1.821,0.463,0.132,0.0,0.0,44.637,32.692,2,1.8403,-2.1678
2273,Kepa,Goalkeeper,Arsenal / Bournemouth,5580,0.0,0.0,0.032,0.0,29.065,0.032,0.032,0.0,0.0,0.645,0.484,0.032,0.032,0.0,0.194,0.065,0.097,0.0,0.0,75.0,100.0,5,-4.022,-2.941
2284,Emerson,Defender,West Ham,2132,0.084,0.042,0.507,0.295,36.642,0.675,2.533,0.338,0.886,8.063,4.264,1.14,0.422,0.0,0.549,1.055,0.211,0.0,0.0,52.88,37.037,1,-0.7744,0.411
2287,R. Barkley,Midfielder,Aston Villa,566,0.477,0.159,1.908,0.954,62.332,1.431,2.226,0.477,1.59,10.177,5.565,2.544,1.908,0.0,0.477,1.272,0.477,0.0,0.0,54.688,75.0,4,2.3297,1.5605
2289,Jorginho,Midfielder,Arsenal,705,0.0,0.0,0.255,0.0,60.383,0.383,1.532,0.0,0.894,9.447,3.957,0.383,0.128,0.0,2.17,1.915,0.638,0.0,0.0,41.892,33.333,4,-0.4608,2.0611
2291,M. Kovačić,Midfielder,Manchester City,2207,0.245,0.082,1.06,0.489,76.461,1.346,2.814,0.0,0.938,9.502,5.179,1.346,0.897,0.0,1.06,0.979,0.204,0.041,56.0,54.506,66.667,0,0.1298,1.4177
2298,C. Hudson-Odoi,Attacker,Nottingham Forest,2218,0.203,0.081,1.055,0.69,30.636,1.826,0.933,0.0,0.528,6.289,3.53,2.191,1.461,0.0,1.014,0.487,0.081,0.0,0.0,56.129,66.667,3,0.8008,-1.9923
2413,Richarlison,Attacker,Tottenham,514,0.7,0.175,2.626,1.226,16.809,0.7,0.875,0.175,0.0,14.708,5.078,2.626,0.175,0.0,2.276,1.226,0.35,0.0,0.0,34.524,6.667,2,4.1207,-2.0431
2467,Lisandro Martínez,Defender,Manchester United,1754,0.103,0.051,0.564,0.308,67.423,0.462,2.052,0.41,1.642,6.311,3.54,0.359,0.308,0.0,0.359,1.129,0.359,0.0,59.0,56.098,85.714,0,-2.221,2.1948
2476,G. Rodríguez,Midfielder,West Ham,1172,0.0,0.077,0.384,0.077,43.234,0.307,2.765,0.691,0.998,8.447,4.761,0.307,0.23,0.0,0.922,1.382,0.461,0.0,0.0,56.364,75.0,4,-1.2585,2.309
2489,L. Díaz,Forward,Liverpool,2410,0.485,0.187,1.83,1.12,30.884,2.091,1.456,0.0,0.261,12.846,5.079,3.884,1.979,0.0,1.158,1.793,0.075,0.0,0.0,39.535,50.962,3,4.345,-1.5256
2490,J. Lerma,Midfielder,Crystal Palace,2290,0.0,0.039,0.747,0.314,41.345,0.393,1.376,0.707,1.651,9.118,4.716,0.393,0.236,0.0,1.533,1.376,0.354,0.0,0.0,51.724,60.0,1,-0.8281,1.9204
2601,D. Kamada,Midfielder,Crystal Palace,1593,0.0,0.0,0.621,0.226,40.452,1.13,2.655,0.282,1.017,9.887,4.463,0.904,0.395,0.0,1.186,1.582,0.226,0.056,0.0,45.143,43.75,4,-0.1325,1.2781
2678,Diogo Jota,Attacker,Liverpool,1194,0.452,0.226,2.638,0.98,22.387,0.829,1.055,0.0,0.603,12.814,4.598,2.337,0.829,0.0,1.055,1.734,0.151,0.0,0.0,35.882,35.484,2,3.2621,-1.5671
2724,L. Digne,Defender,Aston Villa,2358,0.0,0.153,0.305,0.115,37.366,1.374,2.481,0.153,0.954,8.435,4.847,0.687,0.344,0.0,0.611,0.802,0.153,0.0,0.0,57.466,50.0,1,-0.7385,0.3996
2729,J. Andersen,Defender,Crystal Palace / Fulham,2674,0.0,0.0,0.067,0.067,5.52,0.0,0.067,0.0,0.0,0.471,0.202,0.0,0.0,0.0,0.0,0.135,0.236,0.034,61.0,42.857,0.0,5,-3.6825,-3.2893
2771,O. Aina,Defender,Nottingham Forest,3002,0.06,0.03,0.24,0.06,30.789,0.48,1.649,0.36,0.989,7.585,4.047,1.799,0.989,0.0,1.049,0.69,0.15,0.0,0.0,53.36,55.0,1,-0.8824,-0.0193
2806,F. Schär,Defender,Newcastle,2937,0.123,0.0,0.858,0.337,59.479,0.153,1.103,0.766,1.379,7.692,3.524,0.337,0.245,0.0,0.46,1.073,0.276,0.031,48.0,45.817,72.727,0,-2.0909,1.4209
2817,N. Milenković,Defender,Nottingham Forest,3330,0.135,0.054,0.649,0.216,27.649,0.243,1.351,0.649,0.73,6.027,4.216,0.027,0.027,0.0,0.135,0.541,0.108,0.0,0.0,69.955,100.0,1,-2.3012,-0.4562
2823,S. Lukić,Midfielder,Fulham,2356,0.0,0.076,0.42,0.115,45.649,1.031,2.598,0.267,1.07,9.779,4.622,0.497,0.306,0.0,0.993,2.521,0.458,0.0,0.0,47.266,61.538,4,-0.0446,2.4763
2855,E. Krafth,Defender,Newcastle,349,0.0,0.0,0.0,0.0,36.103,0.258,1.032,1.032,0.516,7.994,3.61,0.258,0.0,0.0,0.516,1.289,0.516,0.0,0.0,45.161,0.0,1,-2.0704,0.8408
2864,A. Isak,Attacker,Newcastle,2769,0.748,0.195,2.47,1.495,21.387,1.365,0.39,0.065,0.098,9.263,3.055,2.893,1.365,0.0,0.455,0.878,0.033,0.0,0.0,32.982,47.191,2,3.4206,-3.953
2869,E. Álvarez,Midfielder,West Ham,1783,0.0,0.05,0.303,0.05,49.77,0.606,2.524,0.404,0.909,11.307,5.653,1.413,0.707,0.0,0.909,2.12,0.454,0.05,0.0,50.0,50.0,4,-0.0304,2.5232
2887,R. Jiménez,Forward,Fulham,2505,0.431,0.108,2.623,1.186,22.132,0.862,1.257,0.18,0.359,14.802,6.79,1.689,0.754,0.0,1.473,1.401,0.144,0.0,0.0,45.874,44.681,2,3.243,-1.0974
2919,M. Sels,Goalkeeper,Nottingham Forest,3420,0.0,0.0,0.0,0.0,23.711,0.053,0.026,0.0,0.0,0.763,0.684,0.0,0.0,0.0,0.263,0.026,0.105,0.0,0.0,89.655,0.0,5,-4.1497,-3.4944
2920,T. Castagne,Defender,Fulham,1651,0.0,0.055,0.327,0.164,42.792,0.491,2.508,0.327,1.199,9.267,4.961,0.545,0.273,0.0,0.327,0.818,0.055,0.0,0.0,53.529,50.0,1,-1.4616,0.7324
2926,Y. Tielemans,Midfielder,Aston Villa,3032,0.089,0.208,0.801,0.386,57.289,1.84,2.493,0.475,0.683,9.825,5.729,1.484,0.92,0.0,1.662,1.217,0.119,0.0,46.0,58.308,62.0,4,0.5838,1.3709
2932,J. Pickford,Goalkeeper,Everton,3420,0.0,0.026,0.0,0.0,37.5,0.053,0.026,0.0,0.026,0.395,0.342,0.0,0.0,0.0,0.184,0.0,0.184,0.0,0.0,86.667,0.0,5,-4.255,-3.1656
2933,B. Chilwell,Defender,Chelsea / Crystal Palace,515,0.35,0.0,1.748,1.049,32.854,1.748,2.447,0.699,2.097,10.485,5.243,1.748,0.699,0.0,1.049,0.699,0.35,0.0,0.0,50.0,40.0,4,1.48,1.2624
2934,M. Keane,Defender,Everton,1046,0.258,0.0,0.688,0.344,32.008,0.172,1.033,0.86,1.377,6.539,3.27,0.086,0.0,0.0,0.0,0.774,0.43,0.0,0.0,50.0,0.0,1,-1.8933,0.1314
2935,H. Maguire,Defender,Manchester United,1764,0.051,0.0,0.663,0.357,57.041,0.408,1.531,0.612,2.041,8.163,5.459,0.255,0.102,0.0,0.561,0.918,0.357,0.0,0.0,66.875,40.0,1,-1.8266,2.0677
2936,J. Tarkowski,Defender,Everton,2924,0.031,0.031,0.339,0.123,39.306,0.492,1.97,1.293,1.262,8.957,6.125,0.215,0.154,0.0,0.862,1.077,0.185,0.0,0.0,68.385,71.429,1,-1.8407,2.0953
2937,D. Rice,Midfielder,Arsenal,2833,0.127,0.222,1.048,0.477,46.89,1.938,1.684,0.413,0.794,7.497,3.812,0.89,0.445,0.0,0.508,0.667,0.191,0.0,0.0,50.847,50.0,1,0.0162,-0.3762
2938,J. Ward-Prowse,Midfielder,Nottingham Forest / West Ham,415,0.0,0.434,0.434,0.434,70.265,2.169,1.735,0.867,2.169,9.976,3.904,0.0,0.0,0.0,0.867,3.036,0.217,0.0,0.0,39.13,0.0,4,0.5551,2.9975
2939,C. Wilson,Attacker,Newcastle,368,0.0,0.0,0.978,0.245,12.228,0.734,0.489,0.0,0.245,10.761,1.467,1.223,0.245,0.0,0.245,0.978,0.245,0.0,0.0,13.636,20.0,2,-0.2137,-2.1378
2990,I. Gueye,Midfielder,Everton,3070,0.0,0.088,0.586,0.147,41.042,0.557,3.899,0.264,1.407,11.404,6.479,1.085,0.528,0.0,1.349,1.612,0.264,0.0,0.0,56.812,48.649,4,0.2,2.7189
2997,Ł. Fabiański,Goalkeeper,West Ham,1160,0.0,0.0,0.0,0.0,33.75,0.0,0.078,0.0,0.0,0.931,0.621,0.233,0.233,0.0,0.078,0.155,0.155,0.0,0.0,66.667,100.0,5,-3.7617,-2.656
2999,J. Bednarek,Defender,Southampton,2535,0.071,0.0,0.142,0.107,59.538,0.178,1.278,1.278,1.988,7.349,4.331,0.107,0.107,0.0,0.462,1.101,0.249,0.0,51.0,58.937,100.0,0,-3.17,2.9449
3080,M. Munetsi,Midfielder,Wolves,1079,0.167,0.083,1.335,0.584,16.766,0.751,2.002,0.083,0.5,11.26,5.505,0.834,0.25,0.0,0.834,1.585,0.0,0.0,0.0,48.889,30.0,2,0.8285,-0.8524
3339,C. Doucouré,Midfielder,Crystal Palace,462,0.0,0.0,0.39,0.0,39.545,0.195,3.117,0.0,2.143,11.104,5.844,0.779,0.39,0.0,1.364,1.364,0.195,0.0,0.0,52.632,50.0,4,-0.592,2.5038
3428,J. Ayew,Attacker,Crystal Palace / Leicester,1662,0.271,0.0,0.108,0.0,0.975,0.108,0.108,0.0,0.0,0.542,0.217,0.0,0.0,0.0,0.0,0.108,0.325,0.0,0.0,40.0,0.0,5,-2.6439,-3.8858
5996,E. Fernández,Midfielder,Chelsea,2946,0.183,0.214,1.191,0.611,54.318,2.444,1.986,0.214,0.397,10.387,4.857,1.436,0.794,0.0,1.65,1.589,0.244,0.0,41.0,46.765,55.319,3,1.698,0.6137
6056,N. Domínguez,Midfielder,Nottingham Forest,1970,0.0,0.046,0.822,0.411,42.259,0.594,3.929,0.548,1.325,11.239,6.122,0.32,0.137,0.0,0.822,1.508,0.411,0.0,0.0,54.472,42.857,4,-0.2583,2.8939
6610,M. Senesi,Defender,Bournemouth,1118,0.0,0.0,0.242,0.0,57.478,0.403,3.14,0.564,1.127,13.041,6.843,0.805,0.483,0.0,0.644,1.771,0.403,0.0,0.0,52.469,60.0,4,-0.6127,3.3384
6716,A. Mac Allister,Midfielder,Liverpool,2607,0.173,0.173,0.863,0.483,49.194,1.554,3.349,0.207,0.759,12.359,5.938,1.277,0.552,0.0,1.381,2.14,0.207,0.0,0.0,48.045,43.243,4,1.7127,1.6771
7600,Igor,Defender,Brighton,967,0.0,0.0,0.093,0.0,66.36,0.186,0.465,1.303,0.372,4.281,2.234,0.558,0.465,0.0,0.558,0.838,0.372,0.0,50.0,52.174,83.333,0,-3.4886,1.0522
8598,T. Awoniyi,Attacker,Nottingham Forest,477,0.189,0.0,1.698,0.755,17.547,0.377,1.132,0.0,0.0,20.0,6.226,1.698,0.755,0.0,1.887,1.509,0.0,0.0,0.0,31.132,44.444,2,2.6884,-1.025
8694,W. Faes,Defender,Leicester,2811,0.032,0.0,0.288,0.032,49.626,0.128,1.345,1.121,0.8,6.147,3.298,0.192,0.16,0.0,0.352,0.736,0.128,0.0,40.0,53.646,83.333,0,-3.1785,0.869
8794,G. Hirst,Attacker,Ipswich,649,0.416,0.139,1.941,0.971,16.364,0.555,0.416,0.139,0.277,14.838,6.795,0.693,0.277,0.0,1.664,1.803,0.416,0.0,0.0,45.794,40.0,2,2.6635,-0.6317
10135,Bruno Guimarães,Midfielder,Newcastle,3282,0.137,0.165,0.987,0.411,48.208,1.453,2.276,0.274,0.823,12.724,6.664,1.673,0.932,0.0,2.962,1.782,0.192,0.0,0.0,52.371,55.738,4,2.2713,1.6248
10329,João Pedro,Attacker,Brighton / Chelsea,3908,0.461,0.276,1.52,0.921,28.833,1.382,0.737,0.0,0.415,13.495,6.08,3.501,1.336,0.0,2.119,1.198,0.184,0.046,0.0,45.051,38.158,3,3.8665,-1.3235
13489,J. Durán,Forward,Aston Villa,626,1.006,0.0,3.738,2.157,22.859,0.575,1.15,0.0,0.0,15.24,6.47,1.869,0.431,0.0,2.157,2.013,0.431,0.144,0.0,42.453,23.077,2,5.5627,-1.8542
13736,D. Muñoz,Defender,Crystal Palace,3233,0.111,0.139,0.863,0.501,31.596,1.308,3.424,0.167,1.225,12.416,6.124,1.503,0.585,0.0,0.529,1.559,0.278,0.0,0.0,49.327,38.889,4,1.1664,1.5345
15745,M. Roerslev,Defender,Brentford,1096,0.0,0.164,0.411,0.164,36.378,1.15,1.478,0.411,0.328,7.801,3.695,1.232,0.575,0.0,0.821,0.493,0.164,0.0,0.0,47.368,46.667,1,-0.6885,-0.7432
15797,J. Cajuste,Midfielder,Ipswich,1978,0.046,0.046,0.364,0.046,33.215,0.592,2.002,0.455,1.274,9.692,4.732,2.093,1.229,0.0,1.001,1.092,0.091,0.0,0.0,48.826,58.696,1,-0.2532,0.7842
15812,P. Onuachu,Forward,Southampton,1067,0.337,0.084,2.193,1.265,22.099,0.675,0.59,0.169,0.084,22.099,10.459,2.024,0.675,0.0,1.35,2.362,0.337,0.0,0.0,47.328,33.333,2,4.282,0.3635
15870,M. Hermansen,Goalkeeper,Leicester,2386,0.0,0.0,0.0,0.0,35.306,0.0,0.038,0.0,0.0,0.377,0.339,0.038,0.038,0.0,0.113,0.0,0.038,0.0,0.0,90.0,100.0,5,-4.4878,-3.0164
15884,J. Lindstrøm,Midfielder,Everton,1241,0.0,0.073,1.45,0.725,25.238,1.378,3.263,0.218,0.87,13.562,5.004,2.828,0.58,0.0,0.725,1.088,0.145,0.0,0.0,36.898,20.513,4,1.6683,0.3158
15908,M. Damsgaard,Midfielder,Brentford,2930,0.061,0.307,0.614,0.215,42.02,1.966,2.549,0.092,0.829,10.72,5.283,2.642,1.536,0.0,0.829,0.553,0.061,0.0,0.0,49.284,58.14,3,1.3678,-0.0027
15911,M. Kudus,Midfielder,West Ham,2604,0.173,0.104,1.59,0.76,26.578,1.071,1.313,0.035,0.138,16.763,7.051,6.532,3.145,0.0,2.212,1.348,0.069,0.035,0.0,42.062,48.148,3,4.8672,-0.7378
17579,S. Szmodics,Attacker,Ipswich,1001,0.36,0.0,1.798,1.079,16.813,0.45,1.439,0.18,0.539,8.541,3.057,0.899,0.36,0.0,0.719,0.809,0.18,0.0,0.0,35.789,40.0,2,0.7576,-1.9764
17597,D. O&apos;Shea,Defender,Ipswich,3123,0.0,0.058,0.375,0.058,43.228,0.086,1.412,1.441,0.951,8.934,5.447,0.058,0.029,0.0,0.749,0.605,0.173,0.0,0.0,60.968,50.0,1,-2.3971,1.3566
17661,J. Branthwaite,Defender,Everton,2510,0.0,0.036,0.251,0.108,42.454,0.108,1.291,0.825,0.968,6.669,4.231,0.179,0.108,0.0,0.645,0.43,0.143,0.0,0.0,63.441,60.0,1,-2.6289,0.346
17714,L. Woolfenden,Defender,Ipswich,1185,0.0,0.0,0.076,0.0,42.456,0.0,0.684,1.063,1.443,3.722,1.975,0.0,0.0,0.0,0.152,0.38,0.152,0.0,0.0,53.061,0.0,1,-3.7139,-0.1754
18397,J. Taylor,Midfielder,Ipswich,846,0.106,0.0,1.383,0.426,44.043,0.532,2.128,0.319,0.957,9.043,3.83,0.851,0.426,0.0,0.532,1.702,0.426,0.0,0.0,42.353,50.0,4,-0.111,1.0382
18592,I. Ndiaye,Attacker,Everton,2441,0.332,0.0,0.995,0.664,25.477,0.664,1.954,0.184,0.737,13.089,6.6,4.867,2.507,0.0,1.917,0.885,0.111,0.0,0.0,50.423,51.515,3,2.9746,-0.252
18741,C. Coady,Defender,Leicester,1714,0.053,0.0,0.105,0.105,56.132,0.053,0.683,1.26,0.683,3.413,1.523,0.105,0.053,0.0,0.105,0.42,0.158,0.0,44.0,44.615,50.0,0,-3.9381,-0.0222
18742,M. Doherty,Defender,Wolves,2113,0.085,0.043,0.256,0.128,51.453,0.511,1.619,0.639,0.937,7.411,4.941,0.767,0.469,0.0,0.469,0.767,0.256,0.0,0.0,66.667,61.111,1,-1.8081,0.863
18744,M. Kilman,Defender,West Ham,3349,0.0,0.027,0.242,0.081,52.35,0.43,1.048,1.075,0.967,7.256,4.864,0.484,0.43,0.0,0.349,0.618,0.134,0.0,44.0,67.037,88.889,0,-2.925,1.2252
18746,M. Gibbs-White,Midfielder,Nottingham Forest,2822,0.223,0.255,1.531,0.702,38.717,1.658,1.371,0.159,0.67,10.971,4.943,2.137,1.021,0.0,1.276,1.212,0.351,0.032,0.0,45.058,47.761,3,2.2467,-0.1942
18753,Adama Traoré,Attacker,Fulham,1794,0.1,0.351,1.204,0.602,24.281,2.107,1.003,0.0,0.05,12.241,6.271,4.214,2.408,0.0,1.605,1.204,0.151,0.0,0.0,51.23,57.143,3,3.7126,-1.1907
18766,D. Calvert-Lewin,Attacker,Everton,1629,0.166,0.055,2.32,1.105,15.58,0.442,0.497,0.11,0.387,15.635,7.017,1.271,0.552,0.0,1.271,1.492,0.11,0.0,0.0,44.876,43.478,2,2.2814,-1.119
18771,Ricardo Pereira,Defender,Leicester,392,0.0,0.0,0.459,0.23,48.214,0.0,2.985,0.689,0.918,11.25,7.117,1.837,1.378,0.0,1.837,1.378,0.23,0.0,0.0,63.265,75.0,4,0.0753,2.565
18772,J. Evans,Defender,Manchester United,314,0.0,0.0,0.573,0.287,61.338,0.0,2.293,0.573,1.433,10.032,6.879,0.287,0.287,0.0,1.72,1.433,0.287,0.0,0.0,68.571,100.0,4,-1.0646,3.018
18778,H. Barnes,Midfielder,Newcastle,1766,0.459,0.204,2.039,1.07,27.928,1.325,0.815,0.102,0.306,8.307,3.516,2.956,1.274,0.0,1.121,0.764,0.0,0.0,0.0,42.331,43.103,3,2.4926,-2.8776
18784,J. Maddison,Midfielder,Tottenham,1817,0.446,0.347,1.387,0.842,56.813,2.08,1.535,0.198,0.594,12.433,6.588,3.319,1.635,0.0,3.17,1.585,0.297,0.0,0.0,52.988,49.254,3,4.3971,0.5687
18786,W. Ndidi,Midfielder,Leicester,2336,0.0,0.193,0.771,0.308,38.682,0.655,3.313,0.732,1.156,13.754,6.858,1.194,0.501,0.0,0.693,1.503,0.308,0.0,0.0,49.86,41.935,4,0.5125,2.5513
18788,J. Vardy,Attacker,Leicester,2840,0.285,0.127,1.489,0.824,11.757,0.602,0.602,0.127,0.158,6.813,3.264,0.665,0.349,0.0,0.729,0.792,0.158,0.0,0.0,47.907,52.381,2,0.2992,-2.6364
18805,A. Doucouré,Midfielder,Everton,2577,0.105,0.07,0.629,0.349,30.524,0.943,1.676,0.21,0.349,9.953,3.737,1.572,0.838,0.0,0.175,1.711,0.14,0.0,0.0,37.544,53.333,1,0.2399,-0.5242
18806,W. Hughes,Midfielder,Crystal Palace,2118,0.0,0.127,0.382,0.042,37.819,1.402,2.805,0.595,0.935,11.643,5.142,0.51,0.212,0.0,1.317,2.762,0.467,0.0,0.0,44.161,41.667,4,0.569,2.8639
18813,A. Cresswell,Defender,West Ham,822,0.0,0.0,0.438,0.0,57.044,0.985,1.204,0.438,0.876,3.832,2.299,0.219,0.109,0.0,0.219,0.438,0.328,0.0,0.0,60.0,50.0,1,-2.8097,-0.0536
18814,I. Diop,Defender,Fulham,1357,0.0,0.0,0.265,0.133,50.074,0.199,1.724,0.464,0.597,5.372,3.382,0.133,0.066,0.0,0.265,0.663,0.133,0.0,0.0,62.963,50.0,1,-2.7841,-0.1742
18819,M. Antonio,Attacker,West Ham,844,0.107,0.107,1.28,0.427,16.315,0.96,0.213,0.0,0.0,10.77,3.839,2.453,0.96,0.0,0.746,1.28,0.107,0.0,0.0,35.644,39.13,2,1.1955,-2.2584
18823,B. Johnson,Defender,Ipswich,1366,0.066,0.132,0.329,0.198,21.083,0.791,2.504,0.329,0.857,11.003,4.678,1.449,0.527,0.0,0.395,1.779,0.329,0.066,0.0,42.515,36.364,4,0.2641,0.9223
18846,A. Wan-Bissaka,Defender,West Ham,3155,0.057,0.143,0.371,0.143,42.875,0.941,1.997,0.314,1.854,8.957,5.22,3.024,1.826,0.0,0.77,0.713,0.029,0.0,0.0,58.28,60.377,1,0.1266,0.8821
18860,M. Travers,Goalkeeper,Bournemouth / Everton,900,0.0,0.0,0.0,0.0,22.6,0.0,0.0,0.0,0.0,0.4,0.4,0.0,0.0,0.0,0.2,0.0,0.0,0.0,0.0,100.0,0.0,5,-4.493,-3.8302
18861,N. Aké,Defender,Manchester City,688,0.0,0.0,0.262,0.0,69.593,0.131,1.177,0.262,0.392,5.102,2.878,0.131,0.131,0.0,0.0,0.262,0.0,0.0,50.0,56.41,100.0,0,-3.7034,-0.3733
18862,N. Clyne,Defender,Crystal Palace,479,0.0,0.0,0.376,0.0,37.954,0.564,2.255,0.376,0.564,6.013,2.818,0.188,0.0,0.0,0.376,0.376,0.188,0.0,0.0,46.875,0.0,1,-2.2366,-0.5969
18869,A. Smith,Defender,Bournemouth,1597,0.0,0.0,0.113,0.0,29.587,0.507,1.353,0.282,0.845,6.594,3.156,0.733,0.338,0.0,0.676,1.071,0.394,0.0,0.0,47.863,46.154,1,-1.5988,0.1966
18870,D. Brooks,Midfielder,Bournemouth,949,0.19,0.0,2.086,1.138,33.003,1.992,1.328,0.19,0.474,11.286,4.742,2.94,1.043,0.0,1.707,1.043,0.285,0.0,0.0,42.017,35.484,3,2.7195,-0.8514
18872,L. Cook,Midfielder,Bournemouth,2978,0.03,0.091,0.332,0.121,41.645,1.451,2.448,0.332,1.239,8.492,4.382,0.604,0.393,0.0,0.302,1.481,0.242,0.03,0.0,51.601,65.0,1,-0.7381,1.3024
18873,R. Fraser,Midfielder,Southampton,307,0.0,0.0,0.293,0.293,25.212,0.586,1.759,0.293,0.293,6.743,4.104,0.879,0.586,0.0,1.173,0.293,0.0,0.293,0.0,60.87,66.667,1,-1.3615,-1.1234
18883,D. Solanke,Attacker,Tottenham,2205,0.367,0.122,1.796,1.061,14.408,0.571,0.735,0.367,0.041,12.408,4.776,1.959,0.694,0.0,1.469,1.469,0.0,0.0,0.0,38.487,35.417,2,2.2931,-2.1008
18886,M. Dúbravka,Goalkeeper,Newcastle,900,0.0,0.0,0.0,0.0,27.8,0.0,0.0,0.0,0.0,0.5,0.5,0.0,0.0,0.0,0.1,0.0,0.0,0.0,0.0,100.0,0.0,5,-4.5606,-3.728
18901,S. Longstaff,Midfielder,Newcastle,785,0.0,0.0,0.344,0.115,39.325,0.459,3.096,0.573,0.803,8.943,4.815,0.688,0.229,0.0,0.688,1.032,0.229,0.0,0.0,53.846,33.333,1,-1.3226,1.238
18911,N. Pope,Goalkeeper,Newcastle,2520,0.0,0.0,0.0,0.0,21.071,0.036,0.0,0.0,0.036,0.714,0.571,0.0,0.0,0.0,0.179,0.071,0.071,0.0,0.0,80.0,0.0,5,-4.0197,-3.6151
18918,C. Taylor,Defender,Southampton,351,0.0,0.0,0.0,0.0,49.231,0.256,1.795,1.282,1.282,6.41,4.615,0.513,0.513,0.0,0.769,0.513,0.256,0.0,0.0,72.0,100.0,1,-2.8362,1.9653
18929,D. McNeil,Attacker,Everton,1376,0.262,0.392,1.243,0.654,33.031,2.485,0.85,0.0,0.392,9.549,3.794,2.878,1.57,0.0,1.177,0.392,0.065,0.0,0.0,39.726,54.545,3,2.6367,-2.2493
18931,C. Wood,Attacker,Nottingham Forest,2978,0.604,0.091,1.692,1.058,14.567,0.665,0.181,0.212,0.151,10.215,3.899,0.393,0.151,0.0,0.725,0.756,0.03,0.0,0.0,38.166,38.462,2,1.1817,-3.2437
18932,F. Forster,Goalkeeper,Tottenham,630,0.0,0.0,0.0,0.0,23.857,0.0,0.0,0.0,0.0,0.429,0.286,0.143,0.143,0.0,0.0,0.0,0.0,0.0,0.0,66.667,100.0,5,-3.9715,-3.3697
18935,A. McCarthy,Goalkeeper,Southampton,450,0.0,0.0,0.0,0.0,25.2,0.0,0.0,0.0,0.0,0.6,0.6,0.0,0.0,0.0,0.2,0.0,0.0,0.0,0.0,100.0,0.0,5,-4.4747,-3.7367
18940,J. Stephens,Defender,Southampton,1393,0.065,0.0,0.258,0.129,60.603,0.194,2.197,0.84,0.84,5.556,2.843,0.258,0.0,0.0,0.258,0.84,0.129,0.129,48.0,51.163,0.0,0,-3.0775,0.725
18943,J. Vestergaard,Defender,Leicester,1395,0.0,0.0,0.129,0.129,61.548,0.194,1.419,0.903,1.032,6.0,3.613,0.258,0.258,0.0,0.258,0.774,0.323,0.0,48.0,60.215,100.0,0,-3.2716,1.751
18947,M. Lemina,Midfielder,Wolves,1363,0.066,0.198,0.924,0.33,38.892,0.66,3.368,0.462,1.783,9.971,6.207,0.924,0.66,0.0,0.528,1.123,0.264,0.0,0.0,62.252,71.429,4,-0.0747,2.2946
18959,Robert Sánchez,Goalkeeper,Chelsea,2880,0.0,0.0,0.0,0.0,32.812,0.062,0.0,0.0,0.062,0.594,0.5,0.0,0.0,0.0,0.125,0.062,0.156,0.0,0.0,84.211,0.0,5,-4.202,-3.2273
18961,D. Burn,Defender,Newcastle,3330,0.027,0.027,0.541,0.189,53.865,0.243,1.054,0.703,0.73,8.865,5.405,0.108,0.081,0.0,0.324,0.919,0.297,0.0,47.0,60.976,75.0,0,-2.3669,1.2609
18963,L. Dunk,Defender,Brighton,2083,0.0,0.0,0.389,0.13,83.562,0.259,0.735,0.778,0.562,5.574,3.413,0.043,0.0,0.0,0.475,0.302,0.216,0.0,70.0,61.24,0.0,0,-3.785,0.4942
18968,Y. Bissouma,Midfielder,Tottenham,1407,0.128,0.0,0.448,0.256,54.115,0.384,3.134,0.384,1.151,10.235,5.181,1.407,0.448,0.0,1.151,1.791,0.448,0.0,0.0,50.625,31.818,4,-0.1029,2.4562
19004,B. De Cordova-Reid,Attacker,Leicester,740,0.122,0.243,0.608,0.365,22.622,0.73,1.095,0.122,0.0,9.122,2.919,0.973,0.0,0.0,1.095,1.095,0.243,0.0,0.0,32.0,0.0,2,0.3107,-1.7189
19025,T. Cairney,Midfielder,Fulham,632,0.285,0.0,0.997,0.57,86.297,1.566,1.851,0.142,0.57,9.968,5.981,1.282,0.712,0.0,2.706,1.139,0.427,0.142,0.0,60.0,55.556,4,1.1654,1.5521
19030,M. O&apos;Riley,Midfielder,Brighton,938,0.192,0.192,1.439,0.672,34.542,2.015,1.535,0.288,1.247,7.964,4.03,1.151,0.768,0.0,1.247,1.535,0.096,0.0,0.0,50.602,66.667,3,1.2879,-0.1111
19032,R. Sessegnon,Midfielder,Fulham,578,0.623,0.311,1.713,1.246,33.01,1.869,4.204,0.156,0.467,16.505,7.318,2.803,1.246,0.0,0.623,3.114,0.156,0.0,0.0,44.34,44.444,3,5.1429,1.0869
19035,H. Elliott,Midfielder,Liverpool,356,0.253,0.506,3.287,1.011,68.006,2.528,1.264,0.506,0.253,6.826,2.781,2.022,1.011,0.0,0.253,0.0,0.253,0.0,0.0,40.741,50.0,3,2.2224,-1.8863
19088,D. Henderson,Goalkeeper,Crystal Palace,3420,0.0,0.0,0.026,0.0,28.974,0.079,0.053,0.0,0.0,0.526,0.395,0.0,0.0,0.0,0.053,0.0,0.079,0.0,0.0,75.0,0.0,5,-4.0786,-3.564
19119,L. Davis,Defender,Ipswich,2746,0.033,0.066,0.361,0.066,31.103,1.999,1.475,0.262,0.819,7.374,4.031,1.016,0.426,0.0,1.016,0.885,0.164,0.033,0.0,54.667,41.935,1,-0.5324,-0.3018
19128,J. Harrison,Attacker,Everton,2084,0.043,0.0,0.821,0.302,22.155,1.468,1.382,0.086,0.432,10.537,3.8,2.893,1.036,0.0,1.209,0.561,0.0,0.0,0.0,36.066,35.821,3,0.7906,-1.5592
19130,K. Phillips,Midfielder,Ipswich,1239,0.0,0.0,0.363,0.145,38.354,0.363,2.542,0.436,1.38,11.404,4.867,0.799,0.363,0.0,1.453,2.034,0.363,0.0,0.0,42.675,45.455,4,-0.1917,2.4402
19136,J. Clarke,Attacker,Ipswich,1186,0.0,0.304,0.683,0.152,28.078,2.125,2.428,0.0,0.531,13.28,6.602,3.263,1.897,0.0,1.745,1.138,0.152,0.0,0.0,49.714,58.14,3,2.7767,0.4204
19143,S. Johnstone,Goalkeeper,Wolves,630,0.0,0.0,0.0,0.0,0.0,0.0,0.0,0.0,0.0,0.0,0.0,0.0,0.0,0.0,0.0,0.0,0.0,0.0,0.0,0.0,0.0,5,-2.6797,-4.4318
19145,T. Adarabioyo,Defender,Chelsea,1403,0.064,0.064,0.577,0.128,75.31,0.128,1.091,0.449,0.706,7.249,4.619,0.321,0.257,0.0,0.577,0.513,0.257,0.0,51.0,63.717,80.0,0,-2.6392,0.9903
19147,C. Dawson,Defender,Wolves,967,0.0,0.0,0.372,0.093,51.934,0.186,1.396,1.024,0.838,5.957,3.909,0.279,0.093,0.0,0.465,0.558,0.186,0.0,0.0,65.625,33.333,1,-2.902,0.5139
19152,C. Townsend,Defender,Ipswich,342,0.0,0.263,0.0,0.0,24.737,1.053,2.895,1.579,1.053,8.421,5.526,0.0,0.0,0.0,1.053,0.526,0.263,0.0,0.0,65.625,0.0,1,-1.5125,1.7474
19163,J. Murphy,Midfielder,Newcastle,2379,0.303,0.416,1.173,0.567,31.929,1.551,1.059,0.0,0.492,7.642,3.14,2.497,1.324,0.0,0.567,0.416,0.151,0.0,0.0,41.089,53.03,3,1.6601,-2.1919
19170,M. Rogers,Attacker,Aston Villa,3129,0.23,0.288,0.978,0.575,24.88,1.496,1.237,0.201,0.173,12.8,4.976,4.027,1.898,0.0,1.467,1.438,0.288,0.0,0.0,38.876,47.143,3,3.2733,-0.721
19179,T. Mings,Defender,Aston Villa,1121,0.0,0.0,0.562,0.08,54.193,0.241,0.562,0.883,0.562,5.941,3.773,0.241,0.161,0.0,0.883,0.321,0.08,0.0,42.0,63.514,66.667,0,-3.1,-0.0203
19182,A. Tuanzebe,Defender,Ipswich,1717,0.0,0.052,0.105,0.0,35.172,0.262,1.625,0.524,1.153,6.29,3.617,0.524,0.21,0.0,0.629,0.891,0.262,0.052,0.0,57.5,40.0,1,-2.1218,0.5422
19187,J. Grealish,Midfielder,Manchester City,735,0.122,0.122,1.102,0.612,50.327,2.939,1.102,0.245,0.245,10.776,5.878,2.694,1.592,0.0,3.061,0.612,0.367,0.0,0.0,54.545,59.091,3,2.7919,0.0783
19191,J.  McGinn,Midfielder,Aston Villa,2247,0.04,0.16,0.841,0.2,31.642,1.282,1.322,0.08,0.561,10.134,5.567,1.322,0.801,0.0,2.764,1.722,0.28,0.0,0.0,54.941,60.606,4,1.4266,0.5885
19192,J. Ramsey,Midfielder,Aston Villa / Newcastle,3259,0.055,0.166,0.663,0.221,31.427,1.215,1.657,0.221,0.442,8.892,4.971,2.099,1.381,0.0,1.546,0.718,0.193,0.028,0.0,55.901,65.789,3,0.7026,-0.3141
19220,M. Mount,Midfielder,Manchester United,625,0.144,0.0,2.16,1.296,34.128,1.152,2.16,0.144,0.576,10.512,4.176,1.296,0.144,0.0,1.296,2.304,0.432,0.0,0.0,39.726,11.111,2,2.0391,0.2518
19221,H. Wilson,Attacker,Fulham,1163,0.464,0.077,2.476,1.316,30.8,1.625,1.548,0.077,0.542,8.435,4.334,1.47,0.696,0.0,1.702,0.929,0.155,0.0,0.0,51.376,47.368,2,2.4738,-1.7395
19235,D. Spence,Defender,Tottenham,1788,0.05,0.101,0.352,0.151,49.077,0.554,2.466,0.453,1.107,11.779,6.544,3.423,1.812,0.0,1.158,1.057,0.151,0.0,0.0,55.556,52.941,4,0.7411,1.5592
19245,M. Tavernier,Midfielder,Bournemouth,1938,0.139,0.232,1.858,0.789,36.78,1.997,2.043,0.139,0.232,13.328,5.851,2.74,1.3,0.0,1.3,1.579,0.279,0.0,0.0,43.902,47.458,3,3.2144,-0.0271
19248,N. Wood-Gordon,Defender,Southampton,774,0.0,0.0,0.233,0.0,54.767,0.116,1.628,0.698,0.581,6.86,4.302,0.581,0.465,0.0,0.465,1.047,0.233,0.0,44.0,62.712,80.0,0,-2.6765,1.2099
19263,L. Kelly,Defender,Newcastle,300,0.0,0.3,0.9,0.0,49.5,0.6,1.5,1.2,0.3,8.4,5.4,0.9,0.6,0.0,1.5,1.5,0.6,0.0,0.0,64.286,66.667,4,-0.2985,2.0842
19265,A. Webster,Defender,Brighton,888,0.0,0.0,0.304,0.101,73.074,0.304,1.014,0.912,2.027,6.182,3.75,0.304,0.101,0.0,0.203,0.709,0.101,0.0,45.0,60.656,33.333,0,-3.5374,1.7631
19281,A. Semenyo,Attacker,Bournemouth,3209,0.309,0.14,2.272,1.15,27.962,1.29,1.543,0.252,0.309,15.033,6.366,3.534,1.935,0.0,1.038,2.047,0.252,0.0,0.0,42.351,54.762,3,4.0919,-0.2737
19298,M. Cash,Defender,Aston Villa,2077,0.043,0.043,0.52,0.26,33.062,0.477,2.427,0.347,0.997,8.623,5.026,1.517,0.823,0.0,0.867,1.17,0.303,0.0,0.0,58.291,54.286,1,-0.4251,1.0046
19305,R. Yates,Midfielder,Nottingham Forest,1905,0.094,0.047,1.039,0.425,35.291,0.85,1.984,0.472,1.181,12.661,6.85,0.661,0.425,0.0,2.315,2.504,0.472,0.0,0.0,54.104,64.286,4,1.38,2.7708
19354,E. Konsa,Defender,Aston Villa,2937,0.061,0.0,0.276,0.153,50.133,0.184,1.042,0.337,0.735,5.332,3.677,0.46,0.245,0.0,1.44,0.276,0.031,0.0,44.0,68.966,53.333,0,-2.6818,-0.3947
19366,O. Watkins,Attacker,Aston Villa,2610,0.552,0.276,2.31,1.379,14.31,0.862,0.345,0.103,0.276,10.0,3.621,1.276,0.345,0.0,1.138,1.0,0.069,0.0,0.0,36.207,27.027,2,2.6149,-3.2791
19428,J. Bowen,Attacker,West Ham,2979,0.393,0.242,1.782,1.118,21.148,1.571,1.239,0.121,0.483,11.752,4.471,3.625,1.329,0.0,1.541,0.604,0.03,0.0,0.0,38.046,36.667,3,3.3591,-2.2364
19465,David Raya,Goalkeeper,Arsenal,3420,0.0,0.0,0.0,0.0,32.421,0.026,0.0,0.0,0.053,0.711,0.632,0.026,0.026,0.0,0.263,0.026,0.079,0.0,0.0,88.889,100.0,5,-4.2946,-2.8511
19484,A. Armstrong,Attacker,Southampton,1254,0.144,0.144,1.292,0.646,19.306,0.646,0.861,0.072,0.215,6.172,2.01,1.005,0.431,0.0,0.359,0.861,0.287,0.0,0.0,32.558,42.857,2,0.0155,-2.2045
19485,B. Brereton,Attacker,Southampton,446,0.0,0.0,1.009,0.202,32.085,0.605,0.605,0.202,0.0,9.283,4.238,0.605,0.202,0.0,1.614,0.807,0.202,0.0,0.0,45.652,33.333,1,-0.5196,-1.1707
19495,N. Collins,Defender,Brentford,3420,0.053,0.079,0.368,0.158,51.526,0.263,1.053,1.5,0.921,8.395,5.132,0.289,0.158,0.0,0.816,0.763,0.132,0.0,44.0,61.129,54.545,0,-2.546,1.4945
19541,C. Walton,Goalkeeper,Ipswich,630,0.0,0.0,0.0,0.0,31.429,0.143,0.0,0.0,0.0,0.571,0.429,0.0,0.0,0.0,0.143,0.0,0.0,0.0,0.0,75.0,0.0,5,-4.0814,-3.6805
19545,R. James,Defender,Chelsea,1063,0.085,0.085,0.677,0.254,62.907,0.931,0.847,0.508,1.101,7.535,4.318,1.101,0.593,0.0,0.931,0.677,0.085,0.0,0.0,57.303,53.846,1,-1.1372,0.1466
19549,A. Robinson,Defender,Fulham,3167,0.0,0.284,0.313,0.057,46.265,1.25,2.7,0.256,1.734,10.344,5.769,2.046,1.08,0.0,0.568,0.881,0.227,0.0,0.0,55.769,52.778,4,0.2121,1.7737
19558,Sam Morsy,Midfielder,Ipswich,2755,0.033,0.033,0.294,0.098,46.421,0.784,2.221,0.425,0.947,8.363,4.247,0.849,0.555,0.0,0.882,1.568,0.327,0.0,0.0,50.781,65.385,1,-0.8173,1.4746
19586,E. Eze,Midfielder,Crystal Palace,2603,0.277,0.277,2.109,1.003,31.533,2.04,1.348,0.0,0.38,11.756,5.636,4.46,2.317,0.0,1.763,0.449,0.035,0.0,0.0,47.941,51.938,3,4.0763,-1.8764
19587,R. Manning,Defender,Southampton,1470,0.0,0.061,0.184,0.061,38.02,2.082,1.776,0.673,1.041,8.694,5.327,1.653,0.673,0.0,1.959,1.163,0.122,0.0,0.0,61.268,40.741,1,-0.0054,1.031
19599,E. Martínez,Goalkeeper,Aston Villa,3196,0.0,0.0,0.0,0.0,35.116,0.056,0.084,0.0,0.0,0.62,0.563,0.028,0.028,0.0,0.169,0.056,0.141,0.028,0.0,90.909,100.0,5,-4.3444,-2.6943
19719,J. Bree,Defender,Southampton,1076,0.0,0.084,0.084,0.084,44.414,0.753,1.673,0.251,0.753,6.19,3.429,0.502,0.335,0.0,0.418,0.335,0.0,0.0,0.0,55.405,66.667,1,-2.0919,-0.6548
19720,T. Chalobah,Defender,Crystal Palace,1063,0.254,0.085,0.593,0.254,56.388,0.339,0.931,0.254,0.847,5.757,3.641,0.254,0.169,0.0,0.593,0.762,0.085,0.0,46.0,63.235,66.667,0,-2.131,-0.347
19733,F. Downes,Midfielder,Southampton,2156,0.042,0.0,0.25,0.125,46.127,0.626,2.045,0.376,1.336,9.351,4.759,0.668,0.334,0.0,1.628,2.087,0.501,0.0,0.0,50.893,50.0,4,-0.3867,2.5026
19760,J. Justin,Defender,Leicester,2920,0.062,0.062,0.432,0.216,38.003,0.432,1.788,0.555,1.418,9.709,5.548,0.678,0.277,0.0,1.356,0.894,0.185,0.0,0.0,57.143,40.909,1,-0.8612,1.1634
19789,E. Pinnock,Defender,Brentford,1913,0.094,0.0,0.47,0.282,48.458,0.376,1.647,0.847,1.129,8.327,4.987,0.423,0.141,0.0,0.188,0.376,0.094,0.0,41.0,59.887,33.333,0,-2.4726,0.6804
19825,J. Aribo,Midfielder,Southampton,2014,0.134,0.0,0.492,0.313,46.072,0.715,2.145,0.492,0.894,10.055,5.407,1.966,0.938,0.0,1.251,0.894,0.045,0.0,0.0,53.778,47.727,1,-0.1145,0.5279
19959,B. White,Defender,Arsenal,1213,0.0,0.148,0.371,0.148,43.776,0.742,1.484,0.594,1.187,6.974,3.19,0.371,0.0,0.0,0.371,0.742,0.148,0.0,0.0,45.745,0.0,1,-1.7581,-0.0287
20007,C. Chaplin,Attacker,Ipswich,869,0.104,0.104,1.036,0.414,31.692,0.829,1.554,0.104,0.414,6.732,3.003,0.829,0.414,0.0,0.725,1.139,0.207,0.0,0.0,44.615,50.0,1,-0.2736,-1.02
20089,W. Burns,Attacker,Ipswich,933,0.0,0.096,0.386,0.096,19.196,0.965,1.254,0.193,0.965,9.453,3.955,2.219,0.868,0.0,1.061,0.386,0.096,0.0,0.0,41.837,39.13,1,-0.1452,-0.8536
20093,J. Hill,Defender,Bournemouth,448,0.0,0.201,0.804,0.0,41.183,0.603,3.013,0.0,1.808,12.656,7.031,0.402,0.201,0.0,1.004,1.406,0.201,0.0,0.0,55.556,50.0,4,0.0908,2.3267
20355,A. Ramsdale,Goalkeeper,Southampton,2700,0.0,0.0,0.0,0.0,0.0,0.0,0.0,0.0,0.0,0.0,0.0,0.0,0.0,0.0,0.0,0.0,0.067,0.0,0.0,0.0,0.0,5,-2.6503,-4.2915
20457,C. Burgess,Defender,Ipswich,1540,0.0,0.117,0.468,0.175,45.0,0.409,0.994,0.877,0.818,5.552,3.799,0.0,0.0,0.0,0.234,0.351,0.0,0.0,0.0,68.421,0.0,1,-2.8145,-0.7594
20589,B. Mbeumo,Attacker,Brentford,3417,0.527,0.184,1.712,1.08,28.709,1.844,1.291,0.079,0.369,10.14,4.688,2.608,1.37,0.0,1.159,0.658,0.079,0.0,0.0,46.234,52.525,3,2.8773,-2.1936
20649,Y. Wissa,Attacker,Brentford,2929,0.584,0.123,2.12,1.321,17.33,0.891,0.676,0.246,0.246,8.112,3.626,1.229,0.461,0.0,1.567,1.045,0.154,0.0,0.0,44.697,37.5,2,2.1508,-2.6827
20665,J. Bellegarde,Midfielder,Wolves,1706,0.106,0.369,0.844,0.264,29.015,1.53,2.057,0.158,0.528,11.87,5.803,2.374,0.739,0.0,2.479,1.635,0.158,0.0,0.0,48.889,31.111,3,2.4691,0.3003
20995,M. Lacroix,Defender,Crystal Palace,3118,0.029,0.029,0.722,0.173,42.229,0.231,1.963,0.606,1.559,7.563,4.503,0.346,0.231,0.0,0.548,0.981,0.144,0.0,0.0,59.542,66.667,1,-1.8055,1.1707
21090,Diego Carlos,Defender,Aston Villa,828,0.0,0.0,0.435,0.109,65.217,0.0,0.87,0.761,0.543,5.109,2.391,0.217,0.217,0.0,0.109,1.196,0.109,0.0,53.0,46.809,100.0,0,-3.2875,0.5354
21138,R. Aït-Nouri,Defender,Manchester City / Wolves,6257,0.115,0.201,0.604,0.374,39.613,1.352,2.56,0.173,0.777,11.737,6.329,3.423,1.812,0.0,1.323,0.863,0.187,0.014,0.0,53.922,52.941,3,1.8786,0.6119
21998,A. Disasi,Defender,Aston Villa / Chelsea,853,0.106,0.0,0.422,0.0,56.131,0.633,1.899,0.211,1.055,10.129,5.909,3.165,1.899,0.0,0.422,0.633,0.317,0.0,0.0,58.333,60.0,1,-0.096,1.0708
22090,W. Saliba,Defender,Arsenal,3042,0.059,0.0,0.148,0.089,75.385,0.207,1.805,0.444,0.621,6.982,4.467,0.533,0.355,0.0,0.503,0.828,0.059,0.03,68.0,63.983,66.667,0,-2.9578,1.0609
22094,W. Fofana,Defender,Chelsea,1176,0.0,0.0,0.23,0.0,59.77,0.459,0.995,0.689,1.071,8.878,4.898,0.842,0.612,0.0,1.224,1.837,0.536,0.0,50.0,55.172,72.727,0,-1.5351,2.7749
22149,I. Sangaré,Midfielder,Nottingham Forest,597,0.0,0.151,0.151,0.151,48.241,0.754,4.221,0.603,0.905,12.814,6.935,0.151,0.0,0.0,1.206,2.412,0.452,0.0,0.0,54.118,0.0,4,0.2185,3.6085
22224,Gabriel Magalhães,Defender,Arsenal,2366,0.114,0.038,0.571,0.19,61.927,0.533,0.951,1.103,0.609,6.238,3.842,0.19,0.152,0.0,0.723,0.723,0.152,0.0,52.0,61.585,80.0,0,-2.7239,0.7971
22233,B. Soumaré,Midfielder,Leicester,2171,0.0,0.0,0.166,0.0,50.534,0.456,1.534,0.415,1.119,7.918,4.477,1.7,1.119,0.0,0.953,0.995,0.332,0.0,0.0,56.545,65.854,1,-1.148,1.2379
24882,O. Mangala,Midfielder,Everton,1262,0.071,0.0,0.998,0.428,34.445,0.571,1.141,0.214,1.498,7.773,3.78,1.64,0.998,0.0,1.212,1.712,0.143,0.0,0.0,48.624,60.87,1,0.0309,0.3798
24888,Hwang Hee-Chan,Attacker,Wolves,650,0.277,0.0,0.554,0.415,26.169,0.415,0.831,0.0,0.277,8.446,2.769,1.938,0.277,0.0,1.246,0.831,0.0,0.0,0.0,32.787,14.286,2,0.0041,-2.3655
25004,S. Ortega,Goalkeeper,Manchester City,1099,0.0,0.0,0.0,0.0,32.921,0.0,0.0,0.0,0.0,0.491,0.328,0.0,0.0,0.0,0.164,0.082,0.082,0.0,0.0,66.667,0.0,5,-3.9518,-3.4563
25061,A. Bella-Kotchap,Defender,Southampton,329,0.0,0.0,0.274,0.0,61.003,0.0,1.915,0.547,1.368,7.386,4.103,0.274,0.0,0.0,0.547,0.821,0.0,0.0,50.0,55.556,0.0,0,-3.0183,1.0167
25073,V. Janelt,Midfielder,Brentford,2287,0.039,0.118,0.433,0.157,39.904,0.59,1.495,0.354,1.063,5.627,2.951,0.394,0.118,0.0,0.59,0.944,0.118,0.0,0.0,52.448,30.0,1,-1.71,-0.3242
25287,K. Danso,Defender,Tottenham,842,0.0,0.0,0.748,0.321,59.109,0.214,0.748,1.496,0.641,7.803,4.596,0.321,0.214,0.0,1.39,0.962,0.0,0.0,47.0,58.904,66.667,0,-2.4502,1.1198
25391,N. Füllkrug,Attacker,West Ham,785,0.344,0.229,1.605,0.803,22.471,1.605,0.459,0.0,0.115,15.707,5.732,0.803,0.115,0.0,0.688,2.408,0.229,0.0,0.0,36.496,14.286,2,2.7292,-1.156
25927,J. Mateta,Attacker,Crystal Palace,2658,0.474,0.068,1.795,1.117,14.289,0.982,0.609,0.135,0.068,11.614,4.368,1.388,0.643,0.0,0.982,0.914,0.068,0.0,0.0,37.609,46.341,2,2.0144,-2.7311
26232,M. Flekken,Goalkeeper,Brentford,3276,0.0,0.055,0.0,0.0,43.489,0.082,0.11,0.0,0.0,0.495,0.33,0.027,0.027,0.0,0.082,0.0,0.027,0.0,0.0,66.667,100.0,5,-4.0152,-2.892
30407,C. Nørgaard,Midfielder,Brentford,2829,0.159,0.127,0.859,0.509,44.252,0.573,2.513,0.636,1.559,9.385,5.186,0.382,0.223,0.0,0.891,1.4,0.255,0.032,0.0,55.254,58.333,4,-0.3188,1.7896
30427,C. Okoli,Defender,Leicester,1122,0.08,0.0,0.321,0.16,51.578,0.0,2.005,1.123,1.203,8.262,4.572,0.0,0.0,0.0,0.722,1.283,0.321,0.0,0.0,55.34,0.0,1,-2.0702,1.8074
30435,D. Kulusevski,Midfielder,Tottenham,2390,0.264,0.151,1.054,0.678,29.711,2.485,1.619,0.188,0.49,13.82,4.858,4.105,1.431,0.0,1.431,1.808,0.113,0.0,0.0,35.15,34.862,3,3.5065,-0.5148
30776,C. Romero,Defender,Tottenham,1421,0.063,0.0,0.887,0.507,76.573,0.507,2.28,0.19,1.267,9.31,5.7,0.19,0.063,0.0,0.76,0.887,0.19,0.0,60.0,61.224,33.333,0,-1.712,1.7772
31146,S. Tonali,Midfielder,Newcastle,2631,0.137,0.068,0.753,0.41,50.011,0.958,1.745,0.376,1.163,8.347,4.515,1.163,0.684,0.0,1.676,1.266,0.171,0.0,0.0,54.098,58.824,1,0.0476,0.8028
31354,G. Vicario,Goalkeeper,Tottenham,2160,0.0,0.0,0.0,0.0,31.375,0.0,0.0,0.0,0.042,0.5,0.5,0.042,0.042,0.0,0.083,0.0,0.042,0.0,0.0,100.0,100.0,5,-4.6129,-3.029
32887,Y. Sugawara,Defender,Southampton,1564,0.058,0.058,0.518,0.345,41.432,1.036,1.784,0.575,0.633,5.927,3.165,1.093,0.518,0.0,0.575,0.863,0.23,0.0,0.0,53.398,47.368,1,-1.1417,-0.1385
36922,S. van den Berg,Defender,Brentford,2588,0.0,0.0,0.626,0.209,41.905,0.209,1.356,1.321,0.765,9.042,4.938,0.243,0.139,0.0,0.174,0.8,0.104,0.0,0.0,54.615,57.143,1,-2.2468,0.7685
37127,M. Ødegaard,Midfielder,Arsenal,2331,0.116,0.309,1.158,0.656,53.668,2.471,0.734,0.0,0.232,7.181,2.896,2.201,0.965,0.0,0.888,0.463,0.154,0.0,40.0,40.323,43.86,3,0.9412,-1.7014
37724,C. Summerville,Attacker,West Ham,779,0.116,0.116,0.924,0.578,26.688,1.964,1.502,0.462,0.0,12.824,6.123,3.582,1.502,0.0,2.657,1.04,0.231,0.0,0.0,47.748,41.935,3,2.89,-0.2285
38695,J. van Hecke,Defender,Brighton,2961,0.03,0.03,0.395,0.152,68.845,0.486,1.368,0.669,0.729,7.903,4.742,0.274,0.152,0.0,0.729,0.76,0.213,0.0,58.0,60.0,55.556,0,-2.5207,1.2849
38734,S. Botman,Defender,Newcastle,418,0.0,0.0,0.431,0.431,52.751,0.431,2.584,0.861,1.077,11.196,7.321,0.431,0.215,0.0,0.861,1.077,0.215,0.0,0.0,65.385,50.0,1,-1.0998,2.279
38746,J. Timber,Defender,Arsenal,2423,0.037,0.111,0.297,0.149,43.904,0.631,2.154,0.149,0.817,8.915,4.94,1.783,0.891,0.0,1.077,1.151,0.26,0.0,0.0,55.417,50.0,1,-0.2065,0.7361
41606,Toti Gomes,Defender,Wolves,2616,0.0,0.034,0.241,0.103,57.179,0.31,2.099,0.585,0.86,8.016,5.126,1.032,0.688,0.0,0.516,0.826,0.241,0.0,46.0,63.948,66.667,0,-2.1,1.5758
41621,Matheus Nunes,Midfielder,Manchester City,1682,0.054,0.321,0.375,0.214,57.521,1.231,1.873,0.214,0.803,9.845,4.655,1.712,0.963,0.0,1.07,1.605,0.214,0.0,0.0,47.283,56.25,4,0.7024,0.9146
45078,R. Stewart,Attacker,Southampton,385,0.234,0.0,1.169,0.468,22.208,0.0,1.403,0.0,0.234,17.532,6.779,1.169,0.701,0.0,1.636,1.636,0.234,0.0,0.0,38.667,60.0,2,1.7999,0.1016
46731,P. Estupiñán,Defender,Brighton,2402,0.037,0.037,0.749,0.337,49.009,0.974,2.435,0.187,1.386,10.079,5.62,1.199,0.712,0.0,0.749,1.349,0.187,0.0,0.0,55.762,59.375,4,-0.1409,1.455
46815,Pau Torres,Defender,Aston Villa,2020,0.0,0.0,0.223,0.134,60.371,0.134,0.936,0.49,0.446,4.99,2.718,0.757,0.668,0.0,0.312,0.356,0.089,0.0,50.0,54.464,88.235,0,-3.101,-0.2901
47311,Mikel Merino,Midfielder,Arsenal,1581,0.398,0.114,1.765,0.854,31.765,1.025,2.619,0.285,0.854,16.281,7.799,1.082,0.512,0.0,1.309,2.334,0.171,0.0,0.0,47.902,47.368,2,2.8921,1.2387
47380,Marc Cucurella,Defender,Chelsea,2990,0.151,0.03,0.572,0.361,49.124,0.572,2.017,0.482,0.843,8.368,4.244,0.391,0.12,0.0,1.144,1.114,0.271,0.0,40.0,50.719,30.769,0,-1.1569,0.9331
47438,M. Jensen,Midfielder,Brentford,853,0.0,0.211,0.528,0.106,42.521,1.794,1.477,0.422,0.844,7.808,4.22,1.477,0.844,0.0,1.055,0.739,0.211,0.0,0.0,54.054,57.143,1,-0.1305,0.1616
47499,E. Ünal,Forward,Bournemouth,345,0.522,0.261,4.174,1.826,24.522,1.043,0.261,0.0,0.0,23.217,9.13,2.87,0.261,0.0,2.348,1.565,0.522,0.0,0.0,39.326,9.091,2,6.569,-0.9323
47519,Pedro Porro,Defender,Tottenham,2622,0.069,0.206,0.927,0.275,49.428,1.957,2.265,0.584,1.236,8.513,4.291,1.304,0.481,0.0,1.133,0.858,0.172,0.0,0.0,50.403,36.842,1,0.2115,0.8154
47547,Álex Moreno,Defender,Nottingham Forest,959,0.0,0.094,0.094,0.0,30.031,0.751,2.346,0.469,1.408,9.479,3.942,1.502,0.751,0.0,0.563,1.126,0.188,0.0,0.0,41.584,50.0,1,-0.6979,1.0598
50132,A. Bayındır,Goalkeeper,Manchester United,360,0.0,0.0,0.0,0.0,35.0,0.0,0.0,0.0,0.0,1.0,0.5,0.0,0.0,0.0,0.25,0.0,0.0,0.0,0.0,50.0,0.0,5,-3.6427,-3.5674
51051,J. Araujo,Defender,Bournemouth,516,0.0,0.0,0.0,0.0,33.314,0.174,1.744,0.0,1.047,7.151,2.616,0.174,0.0,0.0,0.349,1.221,0.349,0.0,0.0,36.585,0.0,1,-1.8404,0.0353
51494,M. Ugarte,Midfielder,Manchester United,1796,0.05,0.1,0.601,0.2,44.95,0.501,3.859,0.2,1.353,13.881,7.316,1.403,0.902,0.0,1.654,2.055,0.551,0.0,0.0,52.708,64.286,4,1.308,3.8075
51617,D. Núñez,Forward,Liverpool,1137,0.396,0.158,2.216,1.029,17.731,0.95,1.662,0.0,0.317,13.219,4.987,1.741,0.633,0.0,1.108,2.137,0.633,0.0,0.0,37.725,36.364,2,3.289,-0.1593
61431,J. Kiwior,Defender,Arsenal,1132,0.08,0.0,0.08,0.08,57.959,0.398,1.749,0.636,0.477,5.645,3.18,0.398,0.239,0.0,0.318,0.795,0.08,0.0,0.0,56.338,60.0,1,-2.5484,-0.0402
67943,Morato,Defender,Nottingham Forest,922,0.0,0.0,0.098,0.098,29.87,0.0,2.148,0.488,0.879,6.638,3.124,0.195,0.195,0.0,0.195,1.074,0.488,0.0,0.0,47.059,100.0,1,-2.1101,1.1357
67971,M. Guéhi,Defender,Crystal Palace,3060,0.088,0.059,0.265,0.206,50.912,0.471,1.824,0.676,0.824,8.382,4.971,0.412,0.353,0.0,0.794,0.706,0.265,0.029,42.0,59.298,85.714,0,-1.8612,1.3555
70100,J. Zirkzee,Attacker,Manchester United,1406,0.192,0.064,1.216,0.704,25.925,0.768,0.896,0.256,0.384,11.586,3.777,2.24,0.704,0.0,0.832,0.576,0.128,0.0,0.0,32.597,31.429,2,0.9099,-1.7145
70747,J. Enciso,Midfielder,Brighton / Ipswich,1164,0.155,0.0,2.629,1.701,20.103,0.773,0.0,0.0,0.0,7.732,3.557,2.784,1.546,0.0,1.082,0.464,0.232,0.0,0.0,46.0,55.556,2,2.0751,-3.2171
81573,Omar Marmoush,Attacker,Manchester City,1190,0.529,0.0,2.571,1.286,21.63,1.134,0.983,0.076,0.454,9.983,4.311,3.025,1.437,0.0,1.513,1.134,0.0,0.0,0.0,43.182,47.5,2,3.1212,-2.4962
82097,A. Palmer,Goalkeeper,Ipswich,1170,0.0,0.0,0.0,0.0,28.308,0.077,0.0,0.0,0.0,0.692,0.692,0.0,0.0,0.0,0.308,0.077,0.154,0.0,0.0,100.0,0.0,5,-4.3155,-3.2815
90590,G. Rutter,Attacker,Brighton,1672,0.269,0.161,1.615,0.646,18.517,1.023,2.099,0.161,0.538,16.633,7.321,3.283,1.453,0.0,2.422,1.83,0.108,0.0,0.0,44.013,44.262,3,3.9244,0.2903
92993,M. Wieffer,Midfielder,Brighton,1045,0.086,0.258,0.689,0.344,55.722,1.292,4.995,0.172,1.464,16.019,9.215,1.206,0.603,0.0,0.861,1.981,0.517,0.0,0.0,57.527,50.0,4,1.9591,4.4903
106725,K. Lewis-Potter,Attacker,Brentford,3102,0.029,0.087,0.667,0.406,30.377,0.754,1.422,0.29,0.609,8.385,4.265,2.64,1.161,0.0,0.899,0.522,0.203,0.0,0.0,50.865,43.956,1,0.0621,-0.6985
106835,K. Mitoma,Midfielder,Brighton,2610,0.345,0.138,1.552,0.931,30.69,1.276,1.552,0.103,0.483,11.655,5.069,4.345,1.793,0.0,0.828,1.379,0.034,0.0,0.0,43.491,41.27,3,2.994,-1.3605
116117,M. Caicedo,Midfielder,Chelsea,3356,0.027,0.054,0.295,0.08,57.738,0.805,3.057,0.268,1.287,10.754,6.329,1.368,0.778,0.0,1.555,1.877,0.295,0.0,51.0,58.853,56.863,4,-0.2816,3.1581
125743,Beto,Forward,Everton,1541,0.467,0.0,2.395,1.343,15.477,0.701,0.818,0.117,0.234,20.441,9.053,2.103,1.11,0.0,1.343,1.927,0.117,0.0,0.0,44.286,52.778,2,4.2096,-0.6871
126791,N. Broadhead,Attacker,Ipswich,697,0.258,0.0,1.162,1.033,27.891,0.904,1.162,0.129,0.516,11.879,5.165,4.132,2.195,0.0,1.679,0.516,0.129,0.0,0.0,43.478,53.125,3,2.5485,-1.3273
126949,C. Richards,Defender,Crystal Palace,1925,0.047,0.0,0.421,0.281,39.039,0.094,2.197,0.655,0.842,8.369,4.675,0.281,0.047,0.0,0.234,0.514,0.187,0.047,0.0,55.866,16.667,1,-2.0147,0.2912
127579,J. Greaves,Defender,Ipswich,2205,0.041,0.0,0.327,0.163,44.612,0.245,1.633,1.061,0.857,9.02,6.041,0.204,0.163,0.0,0.857,0.653,0.204,0.0,0.0,66.968,80.0,1,-2.0284,1.3789
127769,Gabriel Martinelli,Attacker,Arsenal,2298,0.313,0.157,1.567,0.979,23.068,1.567,0.901,0.0,0.196,10.222,3.681,3.603,1.292,0.0,0.822,0.627,0.039,0.0,0.0,36.015,35.87,3,2.4272,-2.7861
129033,J. Gvardiol,Defender,Manchester City,3279,0.137,0.0,0.823,0.329,69.277,0.714,1.619,0.549,1.208,7.383,4.501,1.07,0.686,0.0,0.741,0.439,0.055,0.0,62.0,60.967,64.103,0,-1.9186,0.912
129058,B. Verbruggen,Goalkeeper,Brighton,3240,0.0,0.028,0.0,0.0,32.972,0.028,0.0,0.0,0.0,0.5,0.389,0.056,0.056,0.0,0.056,0.0,0.139,0.0,0.0,77.778,100.0,5,-4.1363,-2.8784
129643,E. Ferguson,Attacker,Brighton / West Ham,411,0.219,0.0,2.19,0.876,24.964,1.314,1.752,0.438,0.0,14.015,4.38,0.876,0.438,0.0,0.438,1.314,0.0,0.0,0.0,31.25,50.0,2,1.491,-1.3839
129711,B. Johnson,Attacker,Tottenham,2178,0.455,0.124,1.777,0.826,23.554,0.785,1.612,0.124,0.165,7.975,3.76,1.694,0.785,0.0,1.074,1.116,0.207,0.0,0.0,47.15,46.341,2,1.5843,-1.8357
130421,W. Smallbone,Midfielder,Southampton,682,0.132,0.0,0.396,0.132,41.305,1.32,2.639,0.0,0.264,9.37,4.091,0.792,0.528,0.0,0.396,1.452,0.132,0.0,0.0,43.662,66.667,1,-0.2801,-0.0387
135068,E. Agbadou,Defender,Wolves,1411,0.064,0.0,0.383,0.128,63.21,0.255,1.914,0.829,0.829,7.016,4.465,0.765,0.638,0.0,0.255,0.446,0.191,0.0,53.0,63.636,83.333,0,-2.7661,1.3303
135334,S. Bueno,Defender,Wolves,1716,0.0,0.0,0.315,0.157,43.846,0.0,2.15,1.101,0.787,7.71,4.196,0.21,0.0,0.0,0.262,1.364,0.105,0.0,0.0,54.422,0.0,1,-2.3394,0.866
136723,N. Madueke,Attacker,Chelsea,2049,0.307,0.132,2.504,1.406,26.31,1.537,1.098,0.0,0.439,10.454,4.656,3.997,1.977,0.0,1.098,0.966,0.132,0.0,0.0,44.538,49.451,3,3.6086,-2.0976
137302,C. Archer,Attacker,Southampton,1430,0.126,0.0,1.385,0.692,15.483,0.315,0.818,0.063,0.126,9.315,3.147,2.203,0.944,0.0,0.818,1.007,0.0,0.0,0.0,33.784,42.857,2,0.6444,-2.4499
138417,N. Patterson,Defender,Everton,343,0.0,0.262,0.262,0.0,31.487,1.05,2.886,0.0,0.525,12.07,5.773,2.886,2.362,0.0,0.262,1.574,0.262,0.0,0.0,47.826,81.818,4,1.5169,0.9703
138780,N. Williams,Defender,Nottingham Forest,2599,0.035,0.104,0.727,0.242,29.434,0.623,3.117,0.346,1.073,10.977,6.614,1.281,0.623,0.0,1.489,0.831,0.242,0.0,0.0,60.252,48.649,4,0.2478,1.4368
138787,A. Gordon,Attacker,Newcastle,2444,0.221,0.184,1.473,0.7,29.791,1.915,1.178,0.074,0.258,10.569,5.487,3.13,1.399,0.0,2.615,0.736,0.074,0.0,0.0,51.916,44.706,3,2.8792,-1.3909
138815,T. Lamptey,Defender,Brighton,861,0.209,0.209,0.627,0.209,33.868,0.523,1.777,0.732,0.732,10.871,3.972,2.927,1.045,0.0,1.045,1.568,0.0,0.0,0.0,36.538,35.714,1,0.8964,-0.0254
138816,I. Maatsen,Defender,Aston Villa,1164,0.077,0.155,1.005,0.387,47.629,1.624,2.242,0.0,1.16,9.742,4.716,2.242,1.005,0.0,0.696,0.851,0.155,0.0,0.0,48.413,44.828,1,0.7964,0.2122
138822,A. Broja,Attacker,Everton,331,0.0,0.0,1.088,0.0,19.305,1.088,0.816,0.0,0.272,21.752,8.973,4.079,2.175,0.0,1.088,1.631,0.272,0.0,0.0,41.25,53.333,3,3.1397,0.6828
138836,H. Clarke,Defender,Ipswich,377,0.0,0.0,0.239,0.239,49.655,0.239,1.194,0.955,0.955,7.639,4.058,0.477,0.239,0.0,0.239,1.194,0.477,0.0,0.0,53.125,50.0,1,-2.0918,1.4626
138908,E. Anderson,Midfielder,Nottingham Forest,2742,0.066,0.197,0.656,0.23,42.243,1.214,2.987,0.295,1.018,15.164,7.943,2.265,1.214,0.0,1.904,1.575,0.328,0.0,0.0,52.381,53.623,4,2.1484,2.5114
138931,J. Philogene,Attacker,Aston Villa / Ipswich,799,0.225,0.0,1.352,0.0,18.248,0.225,2.478,0.0,0.676,11.489,5.181,2.703,0.901,0.0,1.802,2.703,0.451,0.0,0.0,45.098,33.333,4,1.9058,1.2291
141901,Jota Silva,Forward,Nottingham Forest,891,0.303,0.101,1.616,0.707,17.273,1.414,2.727,0.101,1.212,18.586,8.283,2.525,1.01,0.0,2.323,2.424,0.505,0.0,0.0,44.565,40.0,4,4.3396,2.3697
144729,T. Harwood-Bellis,Defender,Southampton,2828,0.032,0.0,0.446,0.255,67.564,0.446,0.891,1.368,0.955,6.779,3.437,0.095,0.095,0.0,0.446,1.114,0.286,0.0,55.0,50.704,100.0,0,-2.9917,2.0032
144732,T. Doyle,Midfielder,Wolves,521,0.0,0.173,1.036,0.345,63.916,1.209,1.9,0.864,0.864,8.119,3.8,1.036,0.864,0.0,0.864,0.864,0.173,0.0,0.0,46.809,83.333,1,-0.4935,1.0333
152849,M. van de Ven,Defender,Tottenham,1018,0.0,0.177,0.442,0.177,70.108,0.177,0.884,0.707,0.884,7.692,3.713,0.707,0.354,0.0,0.796,0.884,0.354,0.0,55.0,48.276,50.0,0,-2.0501,1.3509
152856,Evanilson,Forward,Bournemouth,2335,0.385,0.039,2.197,1.233,13.143,1.002,0.617,0.077,0.039,9.713,4.587,0.578,0.27,0.0,2.043,1.426,0.039,0.039,0.0,47.222,46.667,2,2.077,-2.4617
152953,L. Colwill,Defender,Chelsea,3150,0.057,0.029,0.4,0.114,74.086,0.371,1.343,0.714,0.943,7.857,4.429,0.314,0.171,0.0,0.6,1.286,0.257,0.0,66.0,56.364,54.545,0,-2.5242,1.8933
152967,C. Bassey,Defender,Fulham,3074,0.029,0.0,0.264,0.117,62.508,0.088,1.581,0.498,0.586,6.763,4.216,0.761,0.439,0.0,0.937,0.761,0.205,0.0,54.0,62.338,57.692,0,-2.5101,0.8952
152969,L. Thomas,Defender,Leicester,1113,0.0,0.0,0.0,0.0,41.725,0.728,2.507,0.485,1.698,8.976,4.609,0.485,0.243,0.0,0.809,1.294,0.243,0.0,0.0,51.351,50.0,1,-1.4462,2.0233
152970,J. Stolarczyk,Goalkeeper,Leicester,900,0.0,0.0,0.0,0.0,35.0,0.0,0.2,0.0,0.0,0.8,0.7,0.0,0.0,0.0,0.0,0.0,0.1,0.0,0.0,87.5,0.0,5,-4.3334,-3.2728
152982,C. Palmer,Midfielder,Chelsea,3199,0.422,0.225,2.42,1.435,36.883,2.56,0.957,0.028,0.309,7.54,4.136,2.757,1.435,0.0,1.688,0.422,0.197,0.0,0.0,54.851,52.041,3,3.3488,-2.4641
153066,Fábio Carvalho,Midfielder,Brentford,444,0.405,0.203,1.622,1.216,33.649,0.811,2.635,0.203,0.608,12.77,5.473,2.432,0.405,0.0,2.027,1.014,0.203,0.0,0.0,42.857,16.667,2,2.8731,-0.3864
153430,A. Elanga,Attacker,Newcastle / Nottingham Forest,5019,0.215,0.395,1.327,0.861,22.63,1.793,0.717,0.036,0.215,9.181,4.16,2.295,0.897,0.0,1.686,0.323,0.036,0.0,0.0,45.312,39.062,3,2.2505,-2.6369
157052,R. Calafiori,Defender,Arsenal,984,0.183,0.091,0.823,0.549,43.811,0.549,2.47,0.549,0.823,10.335,5.854,1.098,0.823,0.0,0.549,1.463,0.366,0.0,0.0,56.637,75.0,4,0.2261,1.4812
157997,A. Diallo,Attacker,Manchester United,1901,0.379,0.284,1.278,0.805,40.431,2.32,1.799,0.095,0.521,11.504,5.539,3.977,1.941,0.0,1.326,0.994,0.237,0.0,0.0,48.148,48.81,3,3.5959,-0.6498
158694,T. Livramento,Defender,Newcastle,2842,0.0,0.032,0.127,0.063,42.91,0.823,1.71,0.348,0.728,8.582,4.465,1.52,0.792,0.0,1.108,0.19,0.032,0.0,0.0,52.03,52.083,1,-1.1338,-0.2844
158697,J. McAtee,Midfielder,Manchester City,340,0.794,0.0,3.176,1.059,30.971,0.794,1.059,0.0,0.529,8.206,2.912,1.588,0.529,0.0,0.794,1.588,0.265,0.0,0.0,35.484,33.333,2,2.5161,-2.3012
158698,J. Quansah,Defender,Liverpool,487,0.0,0.0,0.0,0.0,69.856,0.37,2.218,1.294,1.294,8.686,3.881,0.554,0.185,0.0,0.185,1.663,0.37,0.0,0.0,44.681,33.333,1,-2.2636,2.8999
158710,V. Kristiansen,Defender,Leicester,2490,0.0,0.036,0.108,0.0,37.12,0.651,3.145,0.542,1.518,9.398,4.88,0.614,0.289,0.0,0.651,0.687,0.036,0.0,0.0,51.923,47.059,1,-1.5176,1.3662
161671,I. Zabarnyi,Defender,Bournemouth,3112,0.0,0.029,0.26,0.029,49.078,0.347,1.504,0.578,1.186,6.536,4.107,0.231,0.174,0.0,0.202,0.578,0.116,0.029,0.0,62.832,75.0,1,-2.6774,0.5418
161907,M. Gusto,Defender,Chelsea,1855,0.0,0.049,0.776,0.243,58.755,1.067,2.183,0.388,1.213,7.957,3.784,0.728,0.194,0.0,0.97,0.97,0.194,0.0,0.0,47.561,26.667,1,-0.977,0.9093
161933,Nico González,Midfielder,Manchester City,763,0.118,0.0,0.826,0.236,73.25,0.118,1.887,0.0,0.944,9.672,4.482,0.472,0.118,0.0,0.59,1.533,0.354,0.0,57.0,46.341,25.0,0,-1.4148,1.5529
161948,L. Delap,Attacker,Ipswich,2612,0.413,0.069,1.826,1.103,11.922,0.689,0.379,0.0,0.069,14.265,5.444,2.619,1.378,0.0,1.757,2.481,0.379,0.0,0.0,38.164,52.632,2,3.7776,-1.0248
162498,R. Drăgușin,Defender,Tottenham,1253,0.0,0.0,0.359,0.072,60.048,0.287,0.718,1.149,1.077,6.393,3.807,0.0,0.0,0.0,0.718,0.431,0.072,0.0,44.0,59.551,0.0,0,-3.3993,0.5563
162714,A. Onana,Midfielder,Aston Villa,1631,0.166,0.0,0.717,0.331,43.979,0.552,3.035,0.386,1.435,11.533,7.229,0.938,0.773,0.0,1.655,1.766,0.221,0.0,0.0,62.679,82.353,4,0.4879,2.6308
178077,K. Schade,Midfielder,Brentford,2300,0.43,0.078,1.683,1.057,17.53,0.9,1.526,0.157,0.196,15.496,7.67,3.209,1.174,0.0,1.487,0.822,0.117,0.0,0.0,49.495,36.585,2,3.2562,-1.2556
180317,C. Bradley,Defender,Liverpool,748,0.0,0.241,0.602,0.361,57.273,0.842,1.684,0.241,0.481,11.551,5.896,2.647,1.203,0.0,1.684,1.444,0.481,0.0,0.0,51.042,45.455,4,1.3598,1.4056
180919,Welington,Defender,Southampton,482,0.0,0.0,0.187,0.0,26.515,0.56,3.921,0.187,1.12,11.763,7.282,1.494,0.934,0.0,1.494,1.12,0.187,0.0,0.0,61.905,62.5,4,0.1143,2.139
182201,T. Mitchell,Defender,Crystal Palace,3102,0.0,0.145,0.261,0.087,29.681,1.19,2.611,0.377,0.551,7.602,4.381,0.957,0.464,0.0,0.725,0.667,0.058,0.0,0.0,57.634,48.485,1,-0.8996,-0.1923
195103,João Gomes,Midfielder,Wolves,2987,0.09,0.03,0.723,0.211,47.335,0.693,3.525,0.121,0.753,13.288,6.177,1.748,0.904,0.0,1.416,2.109,0.331,0.03,0.0,46.485,51.724,4,1.2231,2.3179
195106,Rodrigo Muniz,Attacker,Fulham,950,0.758,0.095,3.411,1.8,13.263,0.663,0.947,0.189,0.474,20.937,10.8,1.421,0.568,0.0,2.937,1.042,0.095,0.0,0.0,51.584,40.0,2,5.6226,-1.0479
195717,Y. Mosquera,Defender,Wolves,442,0.0,0.0,0.204,0.0,48.258,0.407,2.24,2.036,2.036,9.57,5.905,0.0,0.0,0.0,1.425,1.222,0.407,0.0,40.0,61.702,0.0,0,-2.4632,4.2915
195993,C. Alcaraz,Midfielder,Everton / Southampton,770,0.234,0.701,4.675,2.571,60.779,3.273,2.571,0.468,1.169,22.208,10.753,3.74,2.104,0.0,2.805,3.039,0.468,0.0,0.0,48.421,56.25,3,9.7573,2.926
196298,R. Sosa,Attacker,Nottingham Forest,327,0.275,0.0,2.202,1.376,23.119,2.202,1.376,0.0,1.101,14.037,6.881,3.303,2.202,0.0,2.202,1.651,0.275,0.0,0.0,49.02,66.667,3,4.5708,0.1413
199837,K. Sulemana,Attacker,Southampton,1405,0.064,0.064,1.025,0.512,21.139,0.641,1.409,0.256,0.384,13.964,5.381,6.021,2.434,0.0,0.705,1.409,0.128,0.0,0.0,38.532,40.426,3,2.6504,-0.6255
204039,D. Udogie,Defender,Tottenham,1933,0.0,0.047,0.093,0.047,44.371,0.745,3.492,0.279,1.024,10.616,6.425,1.304,0.559,0.0,1.769,1.35,0.093,0.0,0.0,60.526,42.857,4,-0.1742,1.9296
206254,M. Kerkez,Defender,Bournemouth,3342,0.054,0.135,0.296,0.135,36.329,0.996,1.4,0.296,1.239,7.648,4.093,1.05,0.592,0.0,1.346,0.808,0.108,0.0,0.0,53.521,56.41,1,-0.6531,0.1107
237129,P. Sarr,Midfielder,Tottenham,1915,0.141,0.094,1.269,0.611,46.809,0.752,2.303,0.47,1.41,12.078,6.063,1.316,0.517,0.0,1.645,1.598,0.282,0.0,0.0,50.195,39.286,4,1.0802,1.8482
263538,Y. Yarmolyuk,Midfielder,Brentford,1441,0.0,0.0,0.312,0.125,46.155,0.562,3.06,0.562,0.874,10.555,5.184,1.499,0.812,0.0,0.812,1.187,0.375,0.0,0.0,49.112,54.167,4,-0.519,2.0221
265784,André,Midfielder,Wolves,2495,0.0,0.0,0.289,0.036,48.156,0.649,3.319,0.289,1.335,8.802,5.194,1.01,0.577,0.0,1.226,1.299,0.253,0.0,0.0,59.016,57.143,4,-0.841,2.1731
265820,Y. Ayari,Midfielder,Brighton,1969,0.091,0.046,1.006,0.366,41.138,1.371,2.697,0.274,0.914,11.107,5.439,1.646,0.823,0.0,1.188,1.691,0.183,0.0,0.0,48.971,50.0,4,0.9687,1.1624
265826,A. Kinský,Goalkeeper,Tottenham,540,0.0,0.0,0.0,0.0,29.833,0.167,0.5,0.0,0.0,0.833,0.833,0.0,0.0,0.0,0.0,0.0,0.0,0.0,0.0,100.0,0.0,5,-4.4347,-3.4269
266657,Sávio,Attacker,Manchester City,1770,0.051,0.407,1.881,1.068,38.797,2.339,1.169,0.102,0.305,10.627,5.288,4.678,2.644,0.0,1.424,0.864,0.153,0.0,0.0,49.761,56.522,3,4.024,-1.286
270139,J. O&apos;Brien,Defender,Everton,1569,0.115,0.0,0.229,0.172,34.704,0.344,1.491,0.229,0.229,7.859,4.359,0.516,0.229,0.0,0.287,0.746,0.287,0.0,0.0,55.474,44.444,1,-1.5624,-0.5907
270508,L. Ugochukwu,Midfielder,Southampton,1663,0.054,0.054,0.325,0.054,37.775,0.758,2.598,0.541,0.758,10.229,5.574,1.515,1.028,0.0,0.866,1.678,0.379,0.0,0.0,54.497,67.857,4,-0.0317,1.8698
270510,M. Tel,Attacker,Tottenham,913,0.197,0.099,1.38,0.887,21.982,1.38,1.577,0.099,0.197,12.421,5.027,4.535,1.479,0.0,1.577,1.38,0.197,0.0,0.0,40.476,32.609,3,3.1553,-1.0639
278370,D. Gómez,Midfielder,Brighton,512,0.176,0.0,1.23,0.527,50.801,1.582,3.691,0.0,1.406,13.535,7.031,2.109,1.055,0.0,0.527,1.406,0.0,0.0,0.0,51.948,50.0,4,1.4653,1.4965
282125,R. Lavia,Midfielder,Chelsea,803,0.0,0.112,0.0,0.0,47.298,0.785,2.466,0.0,1.793,10.872,5.716,1.793,1.121,0.0,0.785,1.793,0.448,0.0,0.0,52.577,62.5,4,0.1283,2.713
282770,Rodrigo Gomes,Defender,Wolves,823,0.219,0.0,0.547,0.328,26.902,1.422,2.515,0.109,0.765,9.514,4.593,1.312,0.547,0.0,0.656,0.437,0.0,0.0,0.0,48.276,41.667,1,-0.0562,-0.8478
283058,N. Jackson,Attacker,Chelsea,2238,0.402,0.201,2.574,1.408,15.684,1.126,0.885,0.08,0.121,9.491,3.619,2.051,0.724,0.0,1.166,1.408,0.282,0.04,0.0,38.136,35.294,2,3.0319,-2.3888
283290,K. McAteer,Midfielder,Leicester,851,0.106,0.106,1.269,0.74,23.055,0.952,2.221,0.212,0.529,14.172,5.817,2.221,0.635,0.0,1.586,1.904,0.317,0.0,0.0,41.045,28.571,4,2.2851,0.602
284230,R. Lewis,Defender,Manchester City,1897,0.047,0.095,0.38,0.095,56.979,0.332,1.423,0.332,0.617,6.784,3.748,0.949,0.427,0.0,1.613,0.569,0.237,0.047,0.0,55.245,45.0,1,-1.2893,0.1208
284322,K. Mainoo,Midfielder,Manchester United,1656,0.0,0.0,0.38,0.109,44.457,0.761,2.5,0.109,1.033,13.152,5.924,2.609,1.25,0.0,1.141,1.467,0.272,0.0,0.0,45.041,47.917,4,0.7156,1.6598
284324,A. Garnacho,Attacker,Chelsea / Manchester United,4391,0.246,0.082,2.255,1.23,30.745,1.517,1.23,0.0,0.533,10.863,4.181,3.32,1.066,0.0,1.763,0.492,0.123,0.0,0.0,38.491,32.099,3,2.8156,-1.9389
284428,O. Hutchinson,Attacker,Ipswich,2594,0.104,0.069,0.971,0.659,27.34,1.076,1.11,0.069,0.382,12.074,4.684,4.129,1.769,0.0,1.596,1.041,0.173,0.0,0.0,38.793,42.857,3,2.2712,-0.9815
284457,L. Bogarde,Defender,Aston Villa,476,0.0,0.0,0.189,0.189,47.836,0.378,2.647,0.567,0.189,11.723,6.239,0.567,0.378,0.0,2.08,1.513,0.378,0.0,0.0,53.226,66.667,4,-0.196,2.0565
284492,L. Hall,Defender,Newcastle,2192,0.0,0.164,0.287,0.041,53.91,1.396,2.381,0.739,0.739,9.074,4.927,0.739,0.452,0.0,0.862,0.37,0.123,0.0,41.0,54.299,61.111,0,-1.3844,1.1422
284500,T. Iroegbunam,Midfielder,Everton,563,0.0,0.16,0.48,0.0,24.778,0.48,4.636,0.639,2.558,18.224,9.591,2.558,1.279,0.0,1.918,2.398,0.639,0.0,0.0,52.632,50.0,4,2.4469,6.1641
284797,D. Ouattara,Attacker,Bournemouth / Brentford,4021,0.313,0.179,2.149,0.895,22.159,1.567,1.567,0.448,0.492,13.698,6.178,3.268,1.746,0.0,0.851,0.716,0.134,0.0,0.0,45.098,53.425,3,3.118,-1.0126
286458,J. Devenny,Midfielder,Crystal Palace,493,0.183,0.183,1.278,1.095,33.955,1.278,3.103,0.183,0.0,10.588,3.834,0.73,0.365,0.0,0.0,1.46,0.183,0.0,0.0,36.207,50.0,2,1.2025,-0.697
286616,F. Jörgensen,Goalkeeper,Chelsea,540,0.0,0.0,0.0,0.0,28.333,0.0,0.0,0.0,0.0,0.333,0.167,0.0,0.0,0.0,0.167,0.167,0.0,0.0,0.0,50.0,0.0,5,-3.6538,-3.7159
288006,R. Højlund,Attacker,Manchester United,2022,0.178,0.0,1.113,0.579,14.466,0.712,0.134,0.0,0.089,10.727,3.16,1.335,0.401,0.0,1.246,0.757,0.089,0.0,0.0,29.461,30.0,2,0.5735,-2.6525
288102,A. Wharton,Midfielder,Crystal Palace,1336,0.0,0.135,0.674,0.337,45.606,1.751,2.29,0.135,1.347,9.296,4.311,0.674,0.135,0.0,1.415,0.808,0.135,0.0,0.0,46.377,20.0,1,-0.0132,0.5311
301771,S. Adingra,Attacker,Brighton,1090,0.165,0.165,1.569,0.661,27.413,1.321,1.899,0.0,0.661,10.404,4.541,3.963,1.734,0.0,0.33,1.073,0.0,0.0,0.0,43.651,43.75,3,2.1062,-1.3587
303467,A. Fatawu,Forward,Leicester,577,0.0,0.312,1.716,0.78,24.645,0.936,3.276,0.0,0.624,24.021,13.102,8.891,4.523,0.0,3.12,1.716,0.0,0.0,0.0,54.545,50.877,3,7.9344,2.0797
304317,T. Dibling,Midfielder,Southampton,1872,0.096,0.0,0.962,0.433,28.125,0.962,1.635,0.24,0.385,14.567,6.683,4.279,2.163,0.0,2.404,1.442,0.288,0.0,0.0,45.875,50.562,3,2.926,0.6182
304853,A. Scott,Midfielder,Bournemouth,751,0.0,0.0,1.318,0.839,39.787,1.438,3.236,0.479,1.198,16.059,7.909,2.277,0.719,0.0,3.116,2.037,0.36,0.0,0.0,49.254,31.579,4,2.9611,3.1191
305730,J. Hinshelwood,Midfielder,Brighton,1854,0.243,0.097,0.68,0.485,45.777,0.825,1.311,0.146,0.777,5.728,2.816,0.485,0.097,0.0,0.437,0.874,0.243,0.0,0.0,49.153,20.0,1,-0.951,-0.9824
307123,N. O&apos;Reilly,Midfielder,Manchester City,527,0.342,0.0,1.025,0.512,52.258,0.683,1.537,0.171,0.683,11.613,4.782,2.562,1.537,0.0,0.683,1.025,0.0,0.0,0.0,41.176,60.0,3,1.0049,-0.5873
311334,F. Buonanotte,Midfielder,Leicester,1515,0.297,0.119,1.604,0.713,30.594,1.485,3.149,0.356,0.713,20.257,7.96,4.634,1.663,0.0,2.079,2.198,0.475,0.0,0.0,39.296,35.897,3,4.9931,2.3165
313236,E. Nwaneri,Midfielder,Arsenal,946,0.381,0.19,1.142,0.856,34.63,1.522,1.047,0.19,0.19,11.702,5.423,5.328,3.52,0.0,0.476,0.856,0.095,0.0,0.0,46.341,66.071,3,3.5577,-1.7033
313245,M. Lewis-Skelly,Defender,Arsenal,1370,0.066,0.0,0.066,0.066,43.818,0.526,1.445,0.066,0.46,8.672,6.044,1.38,0.788,0.0,3.088,0.723,0.197,0.131,0.0,69.697,57.143,1,-0.1907,0.4019
327730,O. Scarles,Defender,West Ham,662,0.0,0.0,0.136,0.0,43.776,0.272,2.855,0.272,1.495,8.021,4.35,0.952,0.272,0.0,0.408,0.68,0.136,0.0,0.0,54.237,28.571,1,-1.8953,1.0402
328089,A. Gray,Midfielder,Tottenham,1746,0.0,0.0,0.052,0.052,55.619,0.155,0.825,0.567,0.979,5.103,2.32,0.619,0.361,0.0,0.567,0.876,0.052,0.0,0.0,45.455,58.333,1,-2.6297,-0.176
328105,L. Miley,Midfielder,Newcastle,324,0.278,0.0,0.556,0.556,52.778,0.278,3.889,0.278,0.556,11.389,6.111,0.556,0.278,0.0,0.278,0.833,0.0,0.0,0.0,53.659,50.0,1,-0.4766,0.6474
328225,B. Gruda,Midfielder,Brighton,698,0.129,0.516,1.289,0.645,27.335,2.966,2.063,0.0,0.258,12.378,5.673,3.223,1.676,0.0,1.547,0.903,0.0,0.0,0.0,45.833,52.0,3,3.8637,-1.2299
336564,W. Odobert,Attacker,Tottenham,849,0.106,0.0,0.848,0.424,25.972,0.636,1.484,0.0,0.424,8.693,3.498,3.074,1.272,0.0,0.318,0.212,0.0,0.0,0.0,40.244,41.379,1,0.0538,-2.0711
336585,Mateus Fernandes,Midfielder,Southampton,2919,0.062,0.123,0.678,0.432,38.016,1.048,2.744,0.247,0.863,11.809,6.382,2.96,1.48,0.0,1.696,1.418,0.247,0.0,0.0,54.047,50.0,4,1.7183,1.3461
340573,B. El Khannouss,Midfielder,Leicester,2194,0.082,0.123,0.779,0.287,39.216,1.723,2.092,0.164,0.246,10.132,4.799,2.338,1.395,0.0,0.533,1.231,0.164,0.0,0.0,47.368,59.649,3,1.0031,-0.2654
342022,M. Kayode,Defender,Brentford,527,0.0,0.171,0.342,0.0,29.545,1.366,2.903,0.0,1.195,11.101,6.49,2.903,1.537,0.0,0.512,1.366,0.342,0.0,0.0,58.462,52.941,4,1.0255,1.5458
342970,L. Yoro,Defender,Manchester United,1169,0.0,0.0,0.231,0.077,58.281,0.154,2.233,0.231,1.386,6.621,3.772,0.308,0.154,0.0,0.154,0.693,0.385,0.0,0.0,56.977,50.0,1,-2.45,1.3257
347316,L. Bergvall,Midfielder,Tottenham,1202,0.0,0.075,0.524,0.15,51.514,0.899,2.92,0.599,1.722,12.429,6.439,3.07,1.572,0.0,1.273,1.498,0.225,0.0,0.0,51.807,51.22,4,0.8703,2.8689
360114,A. Khusanov,Defender,Manchester City,504,0.0,0.0,0.0,0.0,69.821,0.357,0.893,0.714,0.536,4.464,2.5,0.357,0.0,0.0,0.536,0.536,0.179,0.0,59.0,56.0,0.0,0,-3.6824,0.0889
361497,D. Huijsen,Defender,Bournemouth,2422,0.111,0.074,0.446,0.149,59.492,0.557,1.338,1.078,1.895,7.655,4.31,0.186,0.074,0.0,0.372,1.152,0.372,0.0,42.0,56.311,40.0,0,-2.3439,2.4774
363695,Murillo,Defender,Nottingham Forest,3191,0.056,0.0,0.564,0.169,39.909,0.367,1.495,1.269,0.987,6.149,3.667,1.015,0.762,0.0,0.169,0.762,0.169,0.0,0.0,59.633,75.0,1,-2.1714,0.6883
